level,group,country,file_name,governance_type,evidence_strength,context_guidance_score,dimension,score,intensity,clause_rows,total_rows,coverage,document_count,total_documents,document_coverage,confidence_mean
context_country,Argentina,,,Voluntary Guidance-led,very-thin-review-required,59,scope/coverage,51.5,medium,2,4,0.5,1,2,0.5,0.6
context_country,Argentina,,,Voluntary Guidance-led,very-thin-review-required,59,disclosure/labeling,37.5,medium,1,4,0.25,1,2,0.5,0.75
context_country,Argentina,,,Voluntary Guidance-led,very-thin-review-required,59,remedies/consent,0,none,0,4,0,0,2,0,0
context_country,Argentina,,,Voluntary Guidance-led,very-thin-review-required,59,elections,0,none,0,4,0,0,2,0,0
context_country,Argentina,,,Voluntary Guidance-led,very-thin-review-required,59,criminalize/penalty,63.8,high,2,4,0.5,2,2,1,0.75
context_country,Argentina,,,Voluntary Guidance-led,very-thin-review-required,59,platform duties,51.5,medium,2,4,0.5,1,2,0.5,0.6
context_country,Australia,,,Hybrid Legal-Guidance-led,thin,73.6,scope/coverage,80.5,high,13,18,0.7222,4,4,1,0.904
context_country,Australia,,,Hybrid Legal-Guidance-led,thin,73.6,disclosure/labeling,65.5,high,12,18,0.6667,2,4,0.5,0.813
context_country,Australia,,,Hybrid Legal-Guidance-led,thin,73.6,remedies/consent,32.2,medium,2,18,0.1111,2,4,0.5,1
context_country,Australia,,,Hybrid Legal-Guidance-led,thin,73.6,elections,0,none,0,18,0,0,4,0,0
context_country,Australia,,,Hybrid Legal-Guidance-led,thin,73.6,criminalize/penalty,32.2,medium,2,18,0.1111,2,4,0.5,1
context_country,Australia,,,Hybrid Legal-Guidance-led,thin,73.6,platform duties,49.7,medium,7,18,0.3889,2,4,0.5,0.964
context_country,Brazil,,,Voluntary Guidance-led,very-thin-review-required,71.8,scope/coverage,100,high,1,1,1,1,1,1,1
context_country,Brazil,,,Voluntary Guidance-led,very-thin-review-required,71.8,disclosure/labeling,0,none,0,1,0,0,1,0,0
context_country,Brazil,,,Voluntary Guidance-led,very-thin-review-required,71.8,remedies/consent,0,none,0,1,0,0,1,0,0
context_country,Brazil,,,Voluntary Guidance-led,very-thin-review-required,71.8,elections,0,none,0,1,0,0,1,0,0
context_country,Brazil,,,Voluntary Guidance-led,very-thin-review-required,71.8,criminalize/penalty,0,none,0,1,0,0,1,0,0
context_country,Brazil,,,Voluntary Guidance-led,very-thin-review-required,71.8,platform duties,100,high,1,1,1,1,1,1,1
context_country,EU,,,Hybrid Legal-Guidance-led,very-thin-review-required,75.2,scope/coverage,100,high,1,1,1,1,1,1,1
context_country,EU,,,Hybrid Legal-Guidance-led,very-thin-review-required,75.2,disclosure/labeling,0,none,0,1,0,0,1,0,0
context_country,EU,,,Hybrid Legal-Guidance-led,very-thin-review-required,75.2,remedies/consent,100,high,1,1,1,1,1,1,1
context_country,EU,,,Hybrid Legal-Guidance-led,very-thin-review-required,75.2,elections,0,none,0,1,0,0,1,0,0
context_country,EU,,,Hybrid Legal-Guidance-led,very-thin-review-required,75.2,criminalize/penalty,0,none,0,1,0,0,1,0,0
context_country,EU,,,Hybrid Legal-Guidance-led,very-thin-review-required,75.2,platform duties,100,high,1,1,1,1,1,1,1
context_country,Saudi Arabia,,,Hybrid Legal-Guidance-led,thin,75.6,scope/coverage,97.6,high,13,13,1,1,1,1,0.842
context_country,Saudi Arabia,,,Hybrid Legal-Guidance-led,thin,75.6,disclosure/labeling,0,none,0,13,0,0,1,0,0
context_country,Saudi Arabia,,,Hybrid Legal-Guidance-led,thin,75.6,remedies/consent,0,none,0,13,0,0,1,0,0
context_country,Saudi Arabia,,,Hybrid Legal-Guidance-led,thin,75.6,elections,45,medium,2,13,0.1538,1,1,1,1
context_country,Saudi Arabia,,,Hybrid Legal-Guidance-led,thin,75.6,criminalize/penalty,0,none,0,13,0,0,1,0,0
context_country,Saudi Arabia,,,Hybrid Legal-Guidance-led,thin,75.6,platform duties,40,medium,1,13,0.0769,1,1,1,1
context_country,Singapore,,,Hybrid Legal-Guidance-led,thin,83,scope/coverage,92.8,high,12,13,0.9231,1,1,1,0.854
context_country,Singapore,,,Hybrid Legal-Guidance-led,thin,83,disclosure/labeling,43.1,medium,2,13,0.1538,1,1,1,0.875
context_country,Singapore,,,Hybrid Legal-Guidance-led,thin,83,remedies/consent,50,medium,3,13,0.2308,1,1,1,1
context_country,Singapore,,,Hybrid Legal-Guidance-led,thin,83,elections,45,medium,2,13,0.1538,1,1,1,1
context_country,Singapore,,,Hybrid Legal-Guidance-led,thin,83,criminalize/penalty,40,medium,1,13,0.0769,1,1,1,1
context_country,Singapore,,,Hybrid Legal-Guidance-led,thin,83,platform duties,78.3,high,9,13,0.6923,1,1,1,0.889
context_country,South Korea,,,Hybrid Legal-Guidance-led,strong,97.3,scope/coverage,95,high,325,340,0.9559,6,6,1,0.861
context_country,South Korea,,,Hybrid Legal-Guidance-led,strong,97.3,disclosure/labeling,51.8,medium,91,340,0.2676,6,6,1,0.962
context_country,South Korea,,,Hybrid Legal-Guidance-led,strong,97.3,remedies/consent,40.2,medium,48,340,0.1412,5,6,0.8333,0.958
context_country,South Korea,,,Hybrid Legal-Guidance-led,strong,97.3,elections,31.2,medium,16,340,0.0471,4,6,0.6667,0.984
context_country,South Korea,,,Hybrid Legal-Guidance-led,strong,97.3,criminalize/penalty,43.4,medium,63,340,0.1853,5,6,0.8333,0.98
context_country,South Korea,,,Hybrid Legal-Guidance-led,strong,97.3,platform duties,64.7,high,161,340,0.4735,6,6,1,0.929
context_country,United Arab Emirates,,,Hybrid Legal-Guidance-led,strong,71.7,scope/coverage,66.2,high,162,289,0.5606,5,5,1,0.653
context_country,United Arab Emirates,,,Hybrid Legal-Guidance-led,strong,71.7,disclosure/labeling,32.1,medium,15,289,0.0519,4,5,0.8,0.85
context_country,United Arab Emirates,,,Hybrid Legal-Guidance-led,strong,71.7,remedies/consent,26.5,low,8,289,0.0277,3,5,0.6,0.844
context_country,United Arab Emirates,,,Hybrid Legal-Guidance-led,strong,71.7,elections,26.6,low,5,289,0.0173,3,5,0.6,0.9
context_country,United Arab Emirates,,,Hybrid Legal-Guidance-led,strong,71.7,criminalize/penalty,26,low,4,289,0.0138,3,5,0.6,0.875
context_country,United Arab Emirates,,,Hybrid Legal-Guidance-led,strong,71.7,platform duties,66.8,high,158,289,0.5467,5,5,1,0.753
context_country,United Kingdom,,,Hybrid Legal-Guidance-led,moderate,87.8,scope/coverage,80.5,high,62,87,0.7126,4,4,1,0.943
context_country,United Kingdom,,,Hybrid Legal-Guidance-led,moderate,87.8,disclosure/labeling,87.5,high,72,87,0.8276,4,4,1,0.917
context_country,United Kingdom,,,Hybrid Legal-Guidance-led,moderate,87.8,remedies/consent,42.9,medium,11,87,0.1264,4,4,1,0.977
context_country,United Kingdom,,,Hybrid Legal-Guidance-led,moderate,87.8,elections,39.1,medium,13,87,0.1494,3,4,0.75,0.958
context_country,United Kingdom,,,Hybrid Legal-Guidance-led,moderate,87.8,criminalize/penalty,27.2,low,3,87,0.0345,2,4,0.5,1
context_country,United Kingdom,,,Hybrid Legal-Guidance-led,moderate,87.8,platform duties,62.2,high,37,87,0.4253,4,4,1,0.973
context_country,United States,,,Hybrid Legal-Guidance-led,strong,93.3,scope/coverage,87.8,high,161,187,0.861,4,4,1,0.788
context_country,United States,,,Hybrid Legal-Guidance-led,strong,93.3,disclosure/labeling,33.5,medium,14,187,0.0749,3,4,0.75,0.911
context_country,United States,,,Hybrid Legal-Guidance-led,strong,93.3,remedies/consent,32.2,medium,24,187,0.1283,2,4,0.5,0.927
context_country,United States,,,Hybrid Legal-Guidance-led,strong,93.3,elections,32.4,medium,24,187,0.1283,2,4,0.5,0.938
context_country,United States,,,Hybrid Legal-Guidance-led,strong,93.3,criminalize/penalty,32.4,medium,39,187,0.2086,1,4,0.25,0.923
context_country,United States,,,Hybrid Legal-Guidance-led,strong,93.3,platform duties,48,medium,56,187,0.2995,3,4,0.75,0.901
country,Argentina,,,Voluntary Guidance-led,very-thin-review-required,59,scope/coverage,0,none,0,0,0,0,1,0,0
country,Argentina,,,Voluntary Guidance-led,very-thin-review-required,59,disclosure/labeling,0,none,0,0,0,0,1,0,0
country,Argentina,,,Voluntary Guidance-led,very-thin-review-required,59,remedies/consent,0,none,0,0,0,0,1,0,0
country,Argentina,,,Voluntary Guidance-led,very-thin-review-required,59,elections,0,none,0,0,0,0,1,0,0
country,Argentina,,,Voluntary Guidance-led,very-thin-review-required,59,criminalize/penalty,0,none,0,0,0,0,1,0,0
country,Argentina,,,Voluntary Guidance-led,very-thin-review-required,59,platform duties,0,none,0,0,0,0,1,0,0
country,Australia,,,Hybrid Legal-Guidance-led,strong,73.6,scope/coverage,56.3,medium,6290,16488,0.3815,11,11,1,0.765
country,Australia,,,Hybrid Legal-Guidance-led,strong,73.6,disclosure/labeling,28.4,low,508,16488,0.0308,8,11,0.7273,0.791
country,Australia,,,Hybrid Legal-Guidance-led,strong,73.6,remedies/consent,37.9,medium,1527,16488,0.0926,11,11,1,0.79
country,Australia,,,Hybrid Legal-Guidance-led,strong,73.6,elections,27.6,low,197,16488,0.0119,8,11,0.7273,0.821
country,Australia,,,Hybrid Legal-Guidance-led,strong,73.6,criminalize/penalty,70.6,high,10544,16488,0.6395,10,11,0.9091,0.723
country,Australia,,,Hybrid Legal-Guidance-led,strong,73.6,platform duties,36.1,medium,1372,16488,0.0832,11,11,1,0.714
country,Brazil,,,Voluntary Guidance-led,very-thin-review-required,71.8,scope/coverage,0,none,0,0,0,0,1,0,0
country,Brazil,,,Voluntary Guidance-led,very-thin-review-required,71.8,disclosure/labeling,0,none,0,0,0,0,1,0,0
country,Brazil,,,Voluntary Guidance-led,very-thin-review-required,71.8,remedies/consent,0,none,0,0,0,0,1,0,0
country,Brazil,,,Voluntary Guidance-led,very-thin-review-required,71.8,elections,0,none,0,0,0,0,1,0,0
country,Brazil,,,Voluntary Guidance-led,very-thin-review-required,71.8,criminalize/penalty,0,none,0,0,0,0,1,0,0
country,Brazil,,,Voluntary Guidance-led,very-thin-review-required,71.8,platform duties,0,none,0,0,0,0,1,0,0
country,China,,,Platform-duty-led,strong,0,scope/coverage,90.4,high,116,127,0.9134,5,5,1,0.735
country,China,,,Platform-duty-led,strong,0,disclosure/labeling,35,medium,17,127,0.1339,3,5,0.6,0.956
country,China,,,Platform-duty-led,strong,0,remedies/consent,33.3,medium,10,127,0.0787,4,5,0.8,0.81
country,China,,,Platform-duty-led,strong,0,elections,26.7,low,6,127,0.0472,3,5,0.6,0.775
country,China,,,Platform-duty-led,strong,0,criminalize/penalty,40.7,medium,13,127,0.1024,5,5,1,0.938
country,China,,,Platform-duty-led,strong,0,platform duties,78.2,high,92,127,0.7244,5,5,1,0.743
country,EU,,,Hybrid Legal-Guidance-led,strong,75.2,scope/coverage,70.7,high,836,1410,0.5929,2,2,1,0.808
country,EU,,,Hybrid Legal-Guidance-led,strong,75.2,disclosure/labeling,40.7,medium,159,1410,0.1128,2,2,1,0.895
country,EU,,,Hybrid Legal-Guidance-led,strong,75.2,remedies/consent,35.7,medium,52,1410,0.0369,2,2,1,0.889
country,EU,,,Hybrid Legal-Guidance-led,strong,75.2,elections,35.6,medium,55,1410,0.039,2,2,1,0.873
country,EU,,,Hybrid Legal-Guidance-led,strong,75.2,criminalize/penalty,42,medium,203,1410,0.144,2,2,1,0.845
country,EU,,,Hybrid Legal-Guidance-led,strong,75.2,platform duties,76,high,956,1410,0.678,2,2,1,0.795
country,France,,,Hybrid Criminal-Platform-led,very-thin-review-required,0,scope/coverage,56.7,medium,1,3,0.3333,1,1,1,1
country,France,,,Hybrid Criminal-Platform-led,very-thin-review-required,0,disclosure/labeling,97.5,high,3,3,1,1,1,1,0.833
country,France,,,Hybrid Criminal-Platform-led,very-thin-review-required,0,remedies/consent,56.7,medium,1,3,0.3333,1,1,1,1
country,France,,,Hybrid Criminal-Platform-led,very-thin-review-required,0,elections,0,none,0,3,0,0,1,0,0
country,France,,,Hybrid Criminal-Platform-led,very-thin-review-required,0,criminalize/penalty,76.5,high,2,3,0.6667,1,1,1,0.875
country,France,,,Hybrid Criminal-Platform-led,very-thin-review-required,0,platform duties,97.5,high,3,3,1,1,1,1,0.833
country,India,,,Hybrid Criminal-Platform-led,moderate,0,scope/coverage,88.5,high,29,34,0.8529,1,1,1,0.871
country,India,,,Hybrid Criminal-Platform-led,moderate,0,disclosure/labeling,54.3,medium,11,34,0.3235,1,1,1,0.886
country,India,,,Hybrid Criminal-Platform-led,moderate,0,remedies/consent,44.6,medium,6,34,0.1765,1,1,1,0.875
country,India,,,Hybrid Criminal-Platform-led,moderate,0,elections,0,none,0,34,0,0,1,0,0
country,India,,,Hybrid Criminal-Platform-led,moderate,0,criminalize/penalty,46.5,medium,6,34,0.1765,1,1,1,1
country,India,,,Hybrid Criminal-Platform-led,moderate,0,platform duties,66.2,high,17,34,0.5,1,1,1,0.912
country,Japan,,,Provenance/Disclosure-led,strong,0,scope/coverage,68.3,high,169,290,0.5828,2,2,1,0.698
country,Japan,,,Provenance/Disclosure-led,strong,0,disclosure/labeling,51.9,medium,135,290,0.4655,1,2,0.5,0.778
country,Japan,,,Provenance/Disclosure-led,strong,0,remedies/consent,23.3,low,9,290,0.031,1,2,0.5,0.75
country,Japan,,,Provenance/Disclosure-led,strong,0,elections,21.9,low,3,290,0.0103,1,2,0.5,0.75
country,Japan,,,Provenance/Disclosure-led,strong,0,criminalize/penalty,25.9,low,19,290,0.0655,1,2,0.5,0.776
country,Japan,,,Provenance/Disclosure-led,strong,0,platform duties,39.1,medium,27,290,0.0931,2,2,1,0.869
country,Mexico,,,Hybrid Criminal-Platform-led,thin,0,scope/coverage,41,medium,3,20,0.15,2,2,1,0.75
country,Mexico,,,Hybrid Criminal-Platform-led,thin,0,disclosure/labeling,29.5,low,3,20,0.15,1,2,0.5,0.65
country,Mexico,,,Hybrid Criminal-Platform-led,thin,0,remedies/consent,49.3,medium,6,20,0.3,2,2,1,0.65
country,Mexico,,,Hybrid Criminal-Platform-led,thin,0,elections,55,medium,8,20,0.4,2,2,1,0.6
country,Mexico,,,Hybrid Criminal-Platform-led,thin,0,criminalize/penalty,60,high,9,20,0.45,2,2,1,0.717
country,Mexico,,,Hybrid Criminal-Platform-led,thin,0,platform duties,67.6,high,12,20,0.6,2,2,1,0.575
country,Pakistan,,,Hybrid Criminal-Platform-led,moderate,0,scope/coverage,74.3,high,51,77,0.6623,1,1,1,0.751
country,Pakistan,,,Hybrid Criminal-Platform-led,moderate,0,disclosure/labeling,0,none,0,77,0,0,1,0,0
country,Pakistan,,,Hybrid Criminal-Platform-led,moderate,0,remedies/consent,0,none,0,77,0,0,1,0,0
country,Pakistan,,,Hybrid Criminal-Platform-led,moderate,0,elections,0,none,0,77,0,0,1,0,0
country,Pakistan,,,Hybrid Criminal-Platform-led,moderate,0,criminalize/penalty,50.6,medium,21,77,0.2727,1,1,1,0.857
country,Pakistan,,,Hybrid Criminal-Platform-led,moderate,0,platform duties,69.7,high,45,77,0.5844,1,1,1,0.78
country,Saudi Arabia,,,Hybrid Legal-Guidance-led,thin,75.6,scope/coverage,60.4,high,9,20,0.45,1,1,1,0.744
country,Saudi Arabia,,,Hybrid Legal-Guidance-led,thin,75.6,disclosure/labeling,39.6,medium,2,20,0.1,1,1,1,0.875
country,Saudi Arabia,,,Hybrid Legal-Guidance-led,thin,75.6,remedies/consent,0,none,0,20,0,0,1,0,0
country,Saudi Arabia,,,Hybrid Legal-Guidance-led,thin,75.6,elections,0,none,0,20,0,0,1,0,0
country,Saudi Arabia,,,Hybrid Legal-Guidance-led,thin,75.6,criminalize/penalty,75.1,high,14,20,0.7,1,1,1,0.643
country,Saudi Arabia,,,Hybrid Legal-Guidance-led,thin,75.6,platform duties,34.5,medium,1,20,0.05,1,1,1,0.75
country,Singapore,,,Hybrid Legal-Guidance-led,moderate,83,scope/coverage,55.6,medium,25,66,0.3788,1,1,1,0.73
country,Singapore,,,Hybrid Legal-Guidance-led,moderate,83,disclosure/labeling,0,none,0,66,0,0,1,0,0
country,Singapore,,,Hybrid Legal-Guidance-led,moderate,83,remedies/consent,35.1,medium,2,66,0.0303,1,1,1,0.875
country,Singapore,,,Hybrid Legal-Guidance-led,moderate,83,elections,77.1,high,46,66,0.697,1,1,1,0.788
country,Singapore,,,Hybrid Legal-Guidance-led,moderate,83,criminalize/penalty,45.6,medium,14,66,0.2121,1,1,1,0.786
country,Singapore,,,Hybrid Legal-Guidance-led,moderate,83,platform duties,33.2,medium,2,66,0.0303,1,1,1,0.75
country,South Korea,,,Hybrid Legal-Guidance-led,strong,97.3,scope/coverage,75.7,high,879,1239,0.7094,10,10,1,0.642
country,South Korea,,,Hybrid Legal-Guidance-led,strong,97.3,disclosure/labeling,39.6,medium,177,1239,0.1429,9,10,0.9,0.823
country,South Korea,,,Hybrid Legal-Guidance-led,strong,97.3,remedies/consent,28.5,low,81,1239,0.0654,6,10,0.6,0.818
country,South Korea,,,Hybrid Legal-Guidance-led,strong,97.3,elections,22.8,low,9,1239,0.0073,5,10,0.5,0.822
country,South Korea,,,Hybrid Legal-Guidance-led,strong,97.3,criminalize/penalty,38.6,medium,203,1239,0.1638,8,10,0.8,0.796
country,South Korea,,,Hybrid Legal-Guidance-led,strong,97.3,platform duties,43.9,medium,307,1239,0.2478,8,10,0.8,0.788
country,United Arab Emirates,,,Hybrid Legal-Guidance-led,moderate,71.7,scope/coverage,44.1,medium,12,73,0.1644,1,1,1,0.896
country,United Arab Emirates,,,Hybrid Legal-Guidance-led,moderate,71.7,disclosure/labeling,42,medium,10,73,0.137,1,1,1,0.875
country,United Arab Emirates,,,Hybrid Legal-Guidance-led,moderate,71.7,remedies/consent,38,medium,5,73,0.0685,1,1,1,0.9
country,United Arab Emirates,,,Hybrid Legal-Guidance-led,moderate,71.7,elections,34.9,medium,2,73,0.0274,1,1,1,0.875
country,United Arab Emirates,,,Hybrid Legal-Guidance-led,moderate,71.7,criminalize/penalty,91.9,high,67,73,0.9178,1,1,1,0.813
country,United Arab Emirates,,,Hybrid Legal-Guidance-led,moderate,71.7,platform duties,43.4,medium,11,73,0.1507,1,1,1,0.905
country,United Kingdom,,,Hybrid Legal-Guidance-led,strong,87.8,scope/coverage,56.1,medium,1457,3783,0.3851,2,2,1,0.739
country,United Kingdom,,,Hybrid Legal-Guidance-led,strong,87.8,disclosure/labeling,36.4,medium,230,3783,0.0608,2,2,1,0.827
country,United Kingdom,,,Hybrid Legal-Guidance-led,strong,87.8,remedies/consent,38.4,medium,366,3783,0.0967,2,2,1,0.809
country,United Kingdom,,,Hybrid Legal-Guidance-led,strong,87.8,elections,31.7,medium,13,3783,0.0034,2,2,1,0.765
country,United Kingdom,,,Hybrid Legal-Guidance-led,strong,87.8,criminalize/penalty,49.1,medium,1006,3783,0.2659,2,2,1,0.786
country,United Kingdom,,,Hybrid Legal-Guidance-led,strong,87.8,platform duties,69.1,high,2225,3783,0.5882,2,2,1,0.727
country,United States,,,Hybrid Legal-Guidance-led,strong,93.3,scope/coverage,82.5,high,397,508,0.7815,16,16,1,0.78
country,United States,,,Hybrid Legal-Guidance-led,strong,93.3,disclosure/labeling,37.4,medium,77,508,0.1516,11,16,0.6875,0.922
country,United States,,,Hybrid Legal-Guidance-led,strong,93.3,remedies/consent,40.9,medium,94,508,0.185,13,16,0.8125,0.843
country,United States,,,Hybrid Legal-Guidance-led,strong,93.3,elections,38.2,medium,81,508,0.1594,11,16,0.6875,0.938
country,United States,,,Hybrid Legal-Guidance-led,strong,93.3,criminalize/penalty,34.5,medium,53,508,0.1043,12,16,0.75,0.849
country,United States,,,Hybrid Legal-Guidance-led,strong,93.3,platform duties,43.9,medium,122,508,0.2402,12,16,0.75,0.883
law,Australia / (b) the victim is significantly deprived of personal freedom in respect of aspects of his or her life other than the provision of the labour or services.,Australia,australia-2026-C2026C00068VOL02.docx,Strict Criminal-led,moderate,,scope/coverage,52.4,medium,549,1698,0.3233,1,1,1,0.76
law,Australia / (b) the victim is significantly deprived of personal freedom in respect of aspects of his or her life other than the provision of the labour or services.,Australia,australia-2026-C2026C00068VOL02.docx,Strict Criminal-led,moderate,,disclosure/labeling,32,medium,13,1698,0.0077,1,1,1,0.769
law,Australia / (b) the victim is significantly deprived of personal freedom in respect of aspects of his or her life other than the provision of the labour or services.,Australia,australia-2026-C2026C00068VOL02.docx,Strict Criminal-led,moderate,,remedies/consent,39.7,medium,218,1698,0.1284,1,1,1,0.758
law,Australia / (b) the victim is significantly deprived of personal freedom in respect of aspects of his or her life other than the provision of the labour or services.,Australia,australia-2026-C2026C00068VOL02.docx,Strict Criminal-led,moderate,,elections,31.5,medium,7,1698,0.0041,1,1,1,0.75
law,Australia / (b) the victim is significantly deprived of personal freedom in respect of aspects of his or her life other than the provision of the labour or services.,Australia,australia-2026-C2026C00068VOL02.docx,Strict Criminal-led,moderate,,criminalize/penalty,77.6,high,1216,1698,0.7161,1,1,1,0.739
law,Australia / (b) the victim is significantly deprived of personal freedom in respect of aspects of his or her life other than the provision of the labour or services.,Australia,australia-2026-C2026C00068VOL02.docx,Strict Criminal-led,moderate,,platform duties,32.3,medium,49,1698,0.0289,1,1,1,0.696
law,Australia / 2 Criminal Code Act 1995,Australia,australia-2026-C2026C00068VOL02.pdf,Strict Criminal-led,strong,,scope/coverage,46.1,medium,810,3588,0.2258,2,2,1,0.761
law,Australia / 2 Criminal Code Act 1995,Australia,australia-2026-C2026C00068VOL02.pdf,Strict Criminal-led,strong,,disclosure/labeling,32.5,medium,55,3588,0.0153,2,2,1,0.768
law,Australia / 2 Criminal Code Act 1995,Australia,australia-2026-C2026C00068VOL02.pdf,Strict Criminal-led,strong,,remedies/consent,38.4,medium,393,3588,0.1095,2,2,1,0.753
law,Australia / 2 Criminal Code Act 1995,Australia,australia-2026-C2026C00068VOL02.pdf,Strict Criminal-led,strong,,elections,31.8,medium,13,3588,0.0036,2,2,1,0.769
law,Australia / 2 Criminal Code Act 1995,Australia,australia-2026-C2026C00068VOL02.pdf,Strict Criminal-led,strong,,criminalize/penalty,79.7,high,2734,3588,0.762,2,2,1,0.681
law,Australia / 2 Criminal Code Act 1995,Australia,australia-2026-C2026C00068VOL02.pdf,Strict Criminal-led,strong,,platform duties,35.1,medium,307,3588,0.0856,2,2,1,0.634
law,Australia / 6 Criminal Code Act 1995,Australia,australia-2026-C2026C00068VOL01.pdf,Strict Criminal-led,moderate,,scope/coverage,50.5,medium,820,2771,0.2959,1,1,1,0.748
law,Australia / 6 Criminal Code Act 1995,Australia,australia-2026-C2026C00068VOL01.pdf,Strict Criminal-led,moderate,,disclosure/labeling,32.8,medium,59,2771,0.0213,1,1,1,0.763
law,Australia / 6 Criminal Code Act 1995,Australia,australia-2026-C2026C00068VOL01.pdf,Strict Criminal-led,moderate,,remedies/consent,33.9,medium,83,2771,0.03,1,1,1,0.795
law,Australia / 6 Criminal Code Act 1995,Australia,australia-2026-C2026C00068VOL01.pdf,Strict Criminal-led,moderate,,elections,33.5,medium,35,2771,0.0126,1,1,1,0.843
law,Australia / 6 Criminal Code Act 1995,Australia,australia-2026-C2026C00068VOL01.pdf,Strict Criminal-led,moderate,,criminalize/penalty,79.8,high,2109,2771,0.7611,1,1,1,0.687
law,Australia / 6 Criminal Code Act 1995,Australia,australia-2026-C2026C00068VOL01.pdf,Strict Criminal-led,moderate,,platform duties,32.2,medium,54,2771,0.0195,1,1,1,0.73
law,Australia / C2026C00068VOL03,Australia,australia-2026-C2026C00068VOL03.docx,Hybrid Criminal-Platform-led,moderate,,scope/coverage,52.9,medium,108,333,0.3243,1,1,1,0.789
law,Australia / C2026C00068VOL03,Australia,australia-2026-C2026C00068VOL03.docx,Hybrid Criminal-Platform-led,moderate,,disclosure/labeling,0,none,0,333,0,0,1,0,0
law,Australia / C2026C00068VOL03,Australia,australia-2026-C2026C00068VOL03.docx,Hybrid Criminal-Platform-led,moderate,,remedies/consent,39.2,medium,41,333,0.1231,1,1,1,0.748
law,Australia / C2026C00068VOL03,Australia,australia-2026-C2026C00068VOL03.docx,Hybrid Criminal-Platform-led,moderate,,elections,35.2,medium,1,333,0.003,1,1,1,1
law,Australia / C2026C00068VOL03,Australia,australia-2026-C2026C00068VOL03.docx,Hybrid Criminal-Platform-led,moderate,,criminalize/penalty,69,high,192,333,0.5766,1,1,1,0.771
law,Australia / C2026C00068VOL03,Australia,australia-2026-C2026C00068VOL03.docx,Hybrid Criminal-Platform-led,moderate,,platform duties,55.4,medium,127,333,0.3814,1,1,1,0.705
law,Australia / Criminal Code Amendment (Deepfake Sexual Material) Act 2024,Australia,australia-2024-C2024A00078.docx,Strict Criminal-led,moderate,,scope/coverage,60.3,high,21,49,0.4286,1,1,1,0.829
law,Australia / Criminal Code Amendment (Deepfake Sexual Material) Act 2024,Australia,australia-2024-C2024A00078.docx,Strict Criminal-led,moderate,,disclosure/labeling,0,none,0,49,0,0,1,0,0
law,Australia / Criminal Code Amendment (Deepfake Sexual Material) Act 2024,Australia,australia-2024-C2024A00078.docx,Strict Criminal-led,moderate,,remedies/consent,56.6,medium,18,49,0.3673,1,1,1,0.847
law,Australia / Criminal Code Amendment (Deepfake Sexual Material) Act 2024,Australia,australia-2024-C2024A00078.docx,Strict Criminal-led,moderate,,elections,0,none,0,49,0,0,1,0,0
law,Australia / Criminal Code Amendment (Deepfake Sexual Material) Act 2024,Australia,australia-2024-C2024A00078.docx,Strict Criminal-led,moderate,,criminalize/penalty,73.2,high,31,49,0.6327,1,1,1,0.805
law,Australia / Criminal Code Amendment (Deepfake Sexual Material) Act 2024,Australia,australia-2024-C2024A00078.docx,Strict Criminal-led,moderate,,platform duties,38.6,medium,5,49,0.102,1,1,1,0.8
law,Australia / F2024L00710,Australia,australia-2024-F2024L00710.docx,Platform-duty-led,moderate,,scope/coverage,58.3,medium,193,480,0.4021,1,1,1,0.81
law,Australia / F2024L00710,Australia,australia-2024-F2024L00710.docx,Platform-duty-led,moderate,,disclosure/labeling,37,medium,15,480,0.0313,1,1,1,1
law,Australia / F2024L00710,Australia,australia-2024-F2024L00710.docx,Platform-duty-led,moderate,,remedies/consent,48.4,medium,115,480,0.2396,1,1,1,0.854
law,Australia / F2024L00710,Australia,australia-2024-F2024L00710.docx,Platform-duty-led,moderate,,elections,33.4,medium,2,480,0.0042,1,1,1,0.875
law,Australia / F2024L00710,Australia,australia-2024-F2024L00710.docx,Platform-duty-led,moderate,,criminalize/penalty,34.1,medium,18,480,0.0375,1,1,1,0.781
law,Australia / F2024L00710,Australia,australia-2024-F2024L00710.docx,Platform-duty-led,moderate,,platform duties,84.3,high,390,480,0.8125,1,1,1,0.768
law,Australia / F2024L01435,Australia,australia-2024-F2024L01435.docx,Hybrid/Mixed,moderate,,scope/coverage,90.7,high,64,71,0.9014,1,1,1,0.804
law,Australia / F2024L01435,Australia,australia-2024-F2024L01435.docx,Hybrid/Mixed,moderate,,disclosure/labeling,40.9,medium,7,71,0.0986,1,1,1,0.964
law,Australia / F2024L01435,Australia,australia-2024-F2024L01435.docx,Hybrid/Mixed,moderate,,remedies/consent,35.2,medium,3,71,0.0423,1,1,1,0.833
law,Australia / F2024L01435,Australia,australia-2024-F2024L01435.docx,Hybrid/Mixed,moderate,,elections,0,none,0,71,0,0,1,0,0
law,Australia / F2024L01435,Australia,australia-2024-F2024L01435.docx,Hybrid/Mixed,moderate,,criminalize/penalty,0,none,0,71,0,0,1,0,0
law,Australia / F2024L01435,Australia,australia-2024-F2024L01435.docx,Hybrid/Mixed,moderate,,platform duties,43,medium,10,71,0.1408,1,1,1,0.925
law,Australia / Note: An electronic version of this Act is available on the Federal Register of Legislation,Australia,australia-2024-C2024A00078.pdf,Strict Criminal-led,moderate,,scope/coverage,65.6,high,36,67,0.5373,1,1,1,0.71
law,Australia / Note: An electronic version of this Act is available on the Federal Register of Legislation,Australia,australia-2024-C2024A00078.pdf,Strict Criminal-led,moderate,,disclosure/labeling,0,none,0,67,0,0,1,0,0
law,Australia / Note: An electronic version of this Act is available on the Federal Register of Legislation,Australia,australia-2024-C2024A00078.pdf,Strict Criminal-led,moderate,,remedies/consent,53.6,medium,21,67,0.3134,1,1,1,0.881
law,Australia / Note: An electronic version of this Act is available on the Federal Register of Legislation,Australia,australia-2024-C2024A00078.pdf,Strict Criminal-led,moderate,,elections,0,none,0,67,0,0,1,0,0
law,Australia / Note: An electronic version of this Act is available on the Federal Register of Legislation,Australia,australia-2024-C2024A00078.pdf,Strict Criminal-led,moderate,,criminalize/penalty,68.1,high,37,67,0.5522,1,1,1,0.816
law,Australia / Note: An electronic version of this Act is available on the Federal Register of Legislation,Australia,australia-2024-C2024A00078.pdf,Strict Criminal-led,moderate,,platform duties,34,medium,4,67,0.0597,1,1,1,0.675
law,Australia / This Subdivision is not intended to exclude or limit the operation of any other law of the Commonwealth or of a State or Territory.,Australia,australia-2026-C2026C00068.epub,Strict Criminal-led,strong,,scope/coverage,63.8,high,3689,7431,0.4964,2,2,1,0.767
law,Australia / This Subdivision is not intended to exclude or limit the operation of any other law of the Commonwealth or of a State or Territory.,Australia,australia-2026-C2026C00068.epub,Strict Criminal-led,strong,,disclosure/labeling,35,medium,359,7431,0.0483,2,2,1,0.788
law,Australia / This Subdivision is not intended to exclude or limit the operation of any other law of the Commonwealth or of a State or Territory.,Australia,australia-2026-C2026C00068.epub,Strict Criminal-led,strong,,remedies/consent,37.7,medium,635,7431,0.0855,2,2,1,0.81
law,Australia / This Subdivision is not intended to exclude or limit the operation of any other law of the Commonwealth or of a State or Territory.,Australia,australia-2026-C2026C00068.epub,Strict Criminal-led,strong,,elections,33.5,medium,139,7431,0.0187,2,2,1,0.822
law,Australia / This Subdivision is not intended to exclude or limit the operation of any other law of the Commonwealth or of a State or Territory.,Australia,australia-2026-C2026C00068.epub,Strict Criminal-led,strong,,criminalize/penalty,68.2,high,4207,7431,0.5661,2,2,1,0.76
law,Australia / This Subdivision is not intended to exclude or limit the operation of any other law of the Commonwealth or of a State or Territory.,Australia,australia-2026-C2026C00068.epub,Strict Criminal-led,strong,,platform duties,34.5,medium,426,7431,0.0573,2,2,1,0.719
law,China / 《互联网信息服务深度合成管理规定》已经2022年11月3日国家,China,china-2022-deep-synthesis-provisions-official-cn.pdf,Platform-duty-led,moderate,,scope/coverage,91.8,high,25,25,1,1,1,1,0.45
law,China / 《互联网信息服务深度合成管理规定》已经2022年11月3日国家,China,china-2022-deep-synthesis-provisions-official-cn.pdf,Platform-duty-led,moderate,,disclosure/labeling,0,none,0,25,0,0,1,0,0
law,China / 《互联网信息服务深度合成管理规定》已经2022年11月3日国家,China,china-2022-deep-synthesis-provisions-official-cn.pdf,Platform-duty-led,moderate,,remedies/consent,32,medium,2,25,0.08,1,1,1,0.45
law,China / 《互联网信息服务深度合成管理规定》已经2022年11月3日国家,China,china-2022-deep-synthesis-provisions-official-cn.pdf,Platform-duty-led,moderate,,elections,29.4,low,1,25,0.04,1,1,1,0.45
law,China / 《互联网信息服务深度合成管理规定》已经2022年11月3日国家,China,china-2022-deep-synthesis-provisions-official-cn.pdf,Platform-duty-led,moderate,,criminalize/penalty,29.4,low,1,25,0.04,1,1,1,0.45
law,China / 《互联网信息服务深度合成管理规定》已经2022年11月3日国家,China,china-2022-deep-synthesis-provisions-official-cn.pdf,Platform-duty-led,moderate,,platform duties,73.6,high,18,25,0.72,1,1,1,0.45
law,China / deep synthesis provisions english translate,China,china-2022-deep-synthesis-provisions-english-translate.pdf,Platform-duty-led,moderate,,scope/coverage,96.3,high,30,31,0.9677,1,1,1,0.89
law,China / deep synthesis provisions english translate,China,china-2022-deep-synthesis-provisions-english-translate.pdf,Platform-duty-led,moderate,,disclosure/labeling,45.5,medium,5,31,0.1613,1,1,1,1
law,China / deep synthesis provisions english translate,China,china-2022-deep-synthesis-provisions-english-translate.pdf,Platform-duty-led,moderate,,remedies/consent,41.3,medium,3,31,0.0968,1,1,1,1
law,China / deep synthesis provisions english translate,China,china-2022-deep-synthesis-provisions-english-translate.pdf,Platform-duty-led,moderate,,elections,40,medium,3,31,0.0968,1,1,1,0.917
law,China / deep synthesis provisions english translate,China,china-2022-deep-synthesis-provisions-english-translate.pdf,Platform-duty-led,moderate,,criminalize/penalty,43.4,medium,4,31,0.129,1,1,1,1
law,China / deep synthesis provisions english translate,China,china-2022-deep-synthesis-provisions-english-translate.pdf,Platform-duty-led,moderate,,platform duties,84.2,high,24,31,0.7742,1,1,1,0.927
law,China / 互联网信息服务深度合成管理规定 인터넷정보서비스 딥페이크 관리,China,china-2022-deep-synthesis-provisions-korean-translation.pdf,Platform-duty-led,moderate,,scope/coverage,95.8,high,40,41,0.9756,1,1,1,0.824
law,China / 互联网信息服务深度合成管理规定 인터넷정보서비스 딥페이크 관리,China,china-2022-deep-synthesis-provisions-korean-translation.pdf,Platform-duty-led,moderate,,disclosure/labeling,44.5,medium,6,41,0.1463,1,1,1,1
law,China / 互联网信息服务深度合成管理规定 인터넷정보서비스 딥페이크 관리,China,china-2022-deep-synthesis-provisions-korean-translation.pdf,Platform-duty-led,moderate,,remedies/consent,38.2,medium,2,41,0.0488,1,1,1,1
law,China / 互联网信息服务深度合成管理规定 인터넷정보서비스 딥페이크 관리,China,china-2022-deep-synthesis-provisions-korean-translation.pdf,Platform-duty-led,moderate,,elections,34,medium,2,41,0.0488,1,1,1,0.725
law,China / 互联网信息服务深度合成管理规定 인터넷정보서비스 딥페이크 관리,China,china-2022-deep-synthesis-provisions-korean-translation.pdf,Platform-duty-led,moderate,,criminalize/penalty,44.5,medium,6,41,0.1463,1,1,1,1
law,China / 互联网信息服务深度合成管理规定 인터넷정보서비스 딥페이크 관리,China,china-2022-deep-synthesis-provisions-korean-translation.pdf,Platform-duty-led,moderate,,platform duties,72,high,24,41,0.5854,1,1,1,0.931
law,China / 关于印发《人工智能生成合成内容标识办法》的通知,China,china-2025-ai-generated-synthetic-content-labeling-measures-notice-cn.pdf,Platform-duty-led,thin,,scope/coverage,90,high,13,14,0.9286,1,1,1,0.646
law,China / 关于印发《人工智能生成合成内容标识办法》的通知,China,china-2025-ai-generated-synthetic-content-labeling-measures-notice-cn.pdf,Platform-duty-led,thin,,disclosure/labeling,61,high,6,14,0.4286,1,1,1,0.875
law,China / 关于印发《人工智能生成合成内容标识办法》的通知,China,china-2025-ai-generated-synthetic-content-labeling-measures-notice-cn.pdf,Platform-duty-led,thin,,remedies/consent,0,none,0,14,0,0,1,0,0
law,China / 关于印发《人工智能生成合成内容标识办法》的通知,China,china-2025-ai-generated-synthetic-content-labeling-measures-notice-cn.pdf,Platform-duty-led,thin,,elections,0,none,0,14,0,0,1,0,0
law,China / 关于印发《人工智能生成合成内容标识办法》的通知,China,china-2025-ai-generated-synthetic-content-labeling-measures-notice-cn.pdf,Platform-duty-led,thin,,criminalize/penalty,39.6,medium,1,14,0.0714,1,1,1,1
law,China / 关于印发《人工智能生成合成内容标识办法》的通知,China,china-2025-ai-generated-synthetic-content-labeling-measures-notice-cn.pdf,Platform-duty-led,thin,,platform duties,85.3,high,12,14,0.8571,1,1,1,0.638
law,China / 生成式人工智能服务管理暂行办法,China,china-2023-generative-ai-measures-official-cn.pdf,Platform-duty-led,thin,,scope/coverage,63.7,high,8,16,0.5,1,1,1,0.744
law,China / 生成式人工智能服务管理暂行办法,China,china-2023-generative-ai-measures-official-cn.pdf,Platform-duty-led,thin,,disclosure/labeling,0,none,0,16,0,0,1,0,0
law,China / 生成式人工智能服务管理暂行办法,China,china-2023-generative-ai-measures-official-cn.pdf,Platform-duty-led,thin,,remedies/consent,43.2,medium,3,16,0.1875,1,1,1,0.733
law,China / 生成式人工智能服务管理暂行办法,China,china-2023-generative-ai-measures-official-cn.pdf,Platform-duty-led,thin,,elections,0,none,0,16,0,0,1,0,0
law,China / 生成式人工智能服务管理暂行办法,China,china-2023-generative-ai-measures-official-cn.pdf,Platform-duty-led,thin,,criminalize/penalty,35.3,medium,1,16,0.0625,1,1,1,0.75
law,China / 生成式人工智能服务管理暂行办法,China,china-2023-generative-ai-measures-official-cn.pdf,Platform-duty-led,thin,,platform duties,85.5,high,14,16,0.875,1,1,1,0.575
law,EU / REGULATION (EU) 2022/2065 OF THE EUROPEAN PARLIAMENT AND OF THE COUNCIL,EU,eu-2022-dsa.pdf,Platform-duty-led,moderate,,scope/coverage,62.6,high,287,621,0.4622,1,1,1,0.838
law,EU / REGULATION (EU) 2022/2065 OF THE EUROPEAN PARLIAMENT AND OF THE COUNCIL,EU,eu-2022-dsa.pdf,Platform-duty-led,moderate,,disclosure/labeling,41.5,medium,79,621,0.1272,1,1,1,0.88
law,EU / REGULATION (EU) 2022/2065 OF THE EUROPEAN PARLIAMENT AND OF THE COUNCIL,EU,eu-2022-dsa.pdf,Platform-duty-led,moderate,,remedies/consent,35.8,medium,22,621,0.0354,1,1,1,0.898
law,EU / REGULATION (EU) 2022/2065 OF THE EUROPEAN PARLIAMENT AND OF THE COUNCIL,EU,eu-2022-dsa.pdf,Platform-duty-led,moderate,,elections,36.9,medium,38,621,0.0612,1,1,1,0.862
law,EU / REGULATION (EU) 2022/2065 OF THE EUROPEAN PARLIAMENT AND OF THE COUNCIL,EU,eu-2022-dsa.pdf,Platform-duty-led,moderate,,criminalize/penalty,42.4,medium,93,621,0.1498,1,1,1,0.841
law,EU / REGULATION (EU) 2022/2065 OF THE EUROPEAN PARLIAMENT AND OF THE COUNCIL,EU,eu-2022-dsa.pdf,Platform-duty-led,moderate,,platform duties,83.9,high,496,621,0.7987,1,1,1,0.801
law,EU / REGULATION (EU) 2024/1689 OF THE EUROPEAN PARLIAMENT AND OF THE COUNCIL,EU,EU-2025-EU_AI_ACt.pdf,Platform-duty-led,moderate,,scope/coverage,77.1,high,549,789,0.6958,1,1,1,0.793
law,EU / REGULATION (EU) 2024/1689 OF THE EUROPEAN PARLIAMENT AND OF THE COUNCIL,EU,EU-2025-EU_AI_ACt.pdf,Platform-duty-led,moderate,,disclosure/labeling,40.2,medium,80,789,0.1014,1,1,1,0.909
law,EU / REGULATION (EU) 2024/1689 OF THE EUROPEAN PARLIAMENT AND OF THE COUNCIL,EU,EU-2025-EU_AI_ACt.pdf,Platform-duty-led,moderate,,remedies/consent,35.7,medium,30,789,0.038,1,1,1,0.883
law,EU / REGULATION (EU) 2024/1689 OF THE EUROPEAN PARLIAMENT AND OF THE COUNCIL,EU,EU-2025-EU_AI_ACt.pdf,Platform-duty-led,moderate,,elections,34.9,medium,17,789,0.0215,1,1,1,0.897
law,EU / REGULATION (EU) 2024/1689 OF THE EUROPEAN PARLIAMENT AND OF THE COUNCIL,EU,EU-2025-EU_AI_ACt.pdf,Platform-duty-led,moderate,,criminalize/penalty,41.8,medium,110,789,0.1394,1,1,1,0.847
law,EU / REGULATION (EU) 2024/1689 OF THE EUROPEAN PARLIAMENT AND OF THE COUNCIL,EU,EU-2025-EU_AI_ACt.pdf,Platform-duty-led,moderate,,platform duties,69.7,high,460,789,0.583,1,1,1,0.789
law,"France / B. – Un décret en Conseil d’Etat, pris après avis de la Commission nationale de l’informatique et des libertés et de l’Autorité nationale des jeux, fixe les informations que l’entreprise de jeux à objets numériques monétisables doit déclarer à cette autorité pour que celle-ci puisse s’assurer que le jeu appartient à la catégorie des jeux à objets numériques monétisables au sens de l’article 40 et que son exploitation est compatible avec le respect par l’entreprise des obligations mentionnées au I du même article 40 et au présent article.",France,france-2024-sren-joe_20240522_0117_0002.pdf,Hybrid Criminal-Platform-led,very-thin-review-required,,scope/coverage,56.7,medium,1,3,0.3333,1,1,1,1
law,"France / B. – Un décret en Conseil d’Etat, pris après avis de la Commission nationale de l’informatique et des libertés et de l’Autorité nationale des jeux, fixe les informations que l’entreprise de jeux à objets numériques monétisables doit déclarer à cette autorité pour que celle-ci puisse s’assurer que le jeu appartient à la catégorie des jeux à objets numériques monétisables au sens de l’article 40 et que son exploitation est compatible avec le respect par l’entreprise des obligations mentionnées au I du même article 40 et au présent article.",France,france-2024-sren-joe_20240522_0117_0002.pdf,Hybrid Criminal-Platform-led,very-thin-review-required,,disclosure/labeling,97.5,high,3,3,1,1,1,1,0.833
law,"France / B. – Un décret en Conseil d’Etat, pris après avis de la Commission nationale de l’informatique et des libertés et de l’Autorité nationale des jeux, fixe les informations que l’entreprise de jeux à objets numériques monétisables doit déclarer à cette autorité pour que celle-ci puisse s’assurer que le jeu appartient à la catégorie des jeux à objets numériques monétisables au sens de l’article 40 et que son exploitation est compatible avec le respect par l’entreprise des obligations mentionnées au I du même article 40 et au présent article.",France,france-2024-sren-joe_20240522_0117_0002.pdf,Hybrid Criminal-Platform-led,very-thin-review-required,,remedies/consent,56.7,medium,1,3,0.3333,1,1,1,1
law,"France / B. – Un décret en Conseil d’Etat, pris après avis de la Commission nationale de l’informatique et des libertés et de l’Autorité nationale des jeux, fixe les informations que l’entreprise de jeux à objets numériques monétisables doit déclarer à cette autorité pour que celle-ci puisse s’assurer que le jeu appartient à la catégorie des jeux à objets numériques monétisables au sens de l’article 40 et que son exploitation est compatible avec le respect par l’entreprise des obligations mentionnées au I du même article 40 et au présent article.",France,france-2024-sren-joe_20240522_0117_0002.pdf,Hybrid Criminal-Platform-led,very-thin-review-required,,elections,0,none,0,3,0,0,1,0,0
law,"France / B. – Un décret en Conseil d’Etat, pris après avis de la Commission nationale de l’informatique et des libertés et de l’Autorité nationale des jeux, fixe les informations que l’entreprise de jeux à objets numériques monétisables doit déclarer à cette autorité pour que celle-ci puisse s’assurer que le jeu appartient à la catégorie des jeux à objets numériques monétisables au sens de l’article 40 et que son exploitation est compatible avec le respect par l’entreprise des obligations mentionnées au I du même article 40 et au présent article.",France,france-2024-sren-joe_20240522_0117_0002.pdf,Hybrid Criminal-Platform-led,very-thin-review-required,,criminalize/penalty,76.5,high,2,3,0.6667,1,1,1,0.875
law,"France / B. – Un décret en Conseil d’Etat, pris après avis de la Commission nationale de l’informatique et des libertés et de l’Autorité nationale des jeux, fixe les informations que l’entreprise de jeux à objets numériques monétisables doit déclarer à cette autorité pour que celle-ci puisse s’assurer que le jeu appartient à la catégorie des jeux à objets numériques monétisables au sens de l’article 40 et que son exploitation est compatible avec le respect par l’entreprise des obligations mentionnées au I du même article 40 et au présent article.",France,france-2024-sren-joe_20240522_0117_0002.pdf,Hybrid Criminal-Platform-led,very-thin-review-required,,platform duties,97.5,high,3,3,1,1,1,1,0.833
law,India / ITrules 1770830416599,India,india-2026-ITrules-1770830416599.pdf,Hybrid Criminal-Platform-led,moderate,,scope/coverage,88.5,high,29,34,0.8529,1,1,1,0.871
law,India / ITrules 1770830416599,India,india-2026-ITrules-1770830416599.pdf,Hybrid Criminal-Platform-led,moderate,,disclosure/labeling,54.3,medium,11,34,0.3235,1,1,1,0.886
law,India / ITrules 1770830416599,India,india-2026-ITrules-1770830416599.pdf,Hybrid Criminal-Platform-led,moderate,,remedies/consent,44.6,medium,6,34,0.1765,1,1,1,0.875
law,India / ITrules 1770830416599,India,india-2026-ITrules-1770830416599.pdf,Hybrid Criminal-Platform-led,moderate,,elections,0,none,0,34,0,0,1,0,0
law,India / ITrules 1770830416599,India,india-2026-ITrules-1770830416599.pdf,Hybrid Criminal-Platform-led,moderate,,criminalize/penalty,46.5,medium,6,34,0.1765,1,1,1,1
law,India / ITrules 1770830416599,India,india-2026-ITrules-1770830416599.pdf,Hybrid Criminal-Platform-led,moderate,,platform duties,66.2,high,17,34,0.5,1,1,1,0.912
law,"Japan / Act on Promotion of Research and Development, and Utilization of Artificial Intelligence-related Technology",Japan,"Act on Promotion of Research and Development, and Utilization of Artificial Intelligence-related Technology（Act No. 53 of 2025）.txt",Hybrid/Mixed,moderate,,scope/coverage,92.4,high,49,49,1,1,1,1,0.493
law,"Japan / Act on Promotion of Research and Development, and Utilization of Artificial Intelligence-related Technology",Japan,"Act on Promotion of Research and Development, and Utilization of Artificial Intelligence-related Technology（Act No. 53 of 2025）.txt",Hybrid/Mixed,moderate,,disclosure/labeling,0,none,0,49,0,0,1,0,0
law,"Japan / Act on Promotion of Research and Development, and Utilization of Artificial Intelligence-related Technology",Japan,"Act on Promotion of Research and Development, and Utilization of Artificial Intelligence-related Technology（Act No. 53 of 2025）.txt",Hybrid/Mixed,moderate,,remedies/consent,0,none,0,49,0,0,1,0,0
law,"Japan / Act on Promotion of Research and Development, and Utilization of Artificial Intelligence-related Technology",Japan,"Act on Promotion of Research and Development, and Utilization of Artificial Intelligence-related Technology（Act No. 53 of 2025）.txt",Hybrid/Mixed,moderate,,elections,0,none,0,49,0,0,1,0,0
law,"Japan / Act on Promotion of Research and Development, and Utilization of Artificial Intelligence-related Technology",Japan,"Act on Promotion of Research and Development, and Utilization of Artificial Intelligence-related Technology（Act No. 53 of 2025）.txt",Hybrid/Mixed,moderate,,criminalize/penalty,0,none,0,49,0,0,1,0,0
law,"Japan / Act on Promotion of Research and Development, and Utilization of Artificial Intelligence-related Technology",Japan,"Act on Promotion of Research and Development, and Utilization of Artificial Intelligence-related Technology（Act No. 53 of 2025）.txt",Hybrid/Mixed,moderate,,platform duties,32.6,medium,1,49,0.0204,1,1,1,0.75
law,"Japan / Act on the Protection of Personal Information, APPI (Amended at April 2026)",Japan,"Act on the Protection of Personal Information, APPI (Amended at April 2026).txt",Provenance/Disclosure-led,moderate,,scope/coverage,64.1,high,120,241,0.4979,1,1,1,0.781
law,"Japan / Act on the Protection of Personal Information, APPI (Amended at April 2026)",Japan,"Act on the Protection of Personal Information, APPI (Amended at April 2026).txt",Provenance/Disclosure-led,moderate,,disclosure/labeling,68.1,high,135,241,0.5602,1,1,1,0.778
law,"Japan / Act on the Protection of Personal Information, APPI (Amended at April 2026)",Japan,"Act on the Protection of Personal Information, APPI (Amended at April 2026).txt",Provenance/Disclosure-led,moderate,,remedies/consent,33.7,medium,9,241,0.0373,1,1,1,0.75
law,"Japan / Act on the Protection of Personal Information, APPI (Amended at April 2026)",Japan,"Act on the Protection of Personal Information, APPI (Amended at April 2026).txt",Provenance/Disclosure-led,moderate,,elections,32.1,medium,3,241,0.0124,1,1,1,0.75
law,"Japan / Act on the Protection of Personal Information, APPI (Amended at April 2026)",Japan,"Act on the Protection of Personal Information, APPI (Amended at April 2026).txt",Provenance/Disclosure-led,moderate,,criminalize/penalty,36.8,medium,19,241,0.0788,1,1,1,0.776
law,"Japan / Act on the Protection of Personal Information, APPI (Amended at April 2026)",Japan,"Act on the Protection of Personal Information, APPI (Amended at April 2026).txt",Provenance/Disclosure-led,moderate,,platform duties,40.1,medium,26,241,0.1079,1,1,1,0.873
law,Mexico / DECRETO por el que se reforman y adicionan diversas disposiciones de la Ley Federal del Trabajo y de la Ley Federal del Derecho de,Mexico,mexico-2026-labor-copyright-performers-ai-rights-dof-decree.pdf,Hybrid Criminal-Platform-led,very-thin-review-required,,scope/coverage,96.3,high,1,1,1,1,1,1,0.75
law,Mexico / DECRETO por el que se reforman y adicionan diversas disposiciones de la Ley Federal del Trabajo y de la Ley Federal del Derecho de,Mexico,mexico-2026-labor-copyright-performers-ai-rights-dof-decree.pdf,Hybrid Criminal-Platform-led,very-thin-review-required,,disclosure/labeling,0,none,0,1,0,0,1,0,0
law,Mexico / DECRETO por el que se reforman y adicionan diversas disposiciones de la Ley Federal del Trabajo y de la Ley Federal del Derecho de,Mexico,mexico-2026-labor-copyright-performers-ai-rights-dof-decree.pdf,Hybrid Criminal-Platform-led,very-thin-review-required,,remedies/consent,96.3,high,1,1,1,1,1,1,0.75
law,Mexico / DECRETO por el que se reforman y adicionan diversas disposiciones de la Ley Federal del Trabajo y de la Ley Federal del Derecho de,Mexico,mexico-2026-labor-copyright-performers-ai-rights-dof-decree.pdf,Hybrid Criminal-Platform-led,very-thin-review-required,,elections,96.3,high,1,1,1,1,1,1,0.75
law,Mexico / DECRETO por el que se reforman y adicionan diversas disposiciones de la Ley Federal del Trabajo y de la Ley Federal del Derecho de,Mexico,mexico-2026-labor-copyright-performers-ai-rights-dof-decree.pdf,Hybrid Criminal-Platform-led,very-thin-review-required,,criminalize/penalty,96.3,high,1,1,1,1,1,1,0.75
law,Mexico / DECRETO por el que se reforman y adicionan diversas disposiciones de la Ley Federal del Trabajo y de la Ley Federal del Derecho de,Mexico,mexico-2026-labor-copyright-performers-ai-rights-dof-decree.pdf,Hybrid Criminal-Platform-led,very-thin-review-required,,platform duties,96.3,high,1,1,1,1,1,1,0.75
law,Mexico / Nueva Ley publicada en el Diario Oficial de la Federación el 24 de diciembre de 1996,Mexico,mexico-2026-federal-copyright-law-current-lfda.pdf,Hybrid Criminal-Platform-led,thin,,scope/coverage,38.1,medium,2,19,0.1053,1,1,1,0.75
law,Mexico / Nueva Ley publicada en el Diario Oficial de la Federación el 24 de diciembre de 1996,Mexico,mexico-2026-federal-copyright-law-current-lfda.pdf,Hybrid Criminal-Platform-led,thin,,disclosure/labeling,40,medium,3,19,0.1579,1,1,1,0.65
law,Mexico / Nueva Ley publicada en el Diario Oficial de la Federación el 24 de diciembre de 1996,Mexico,mexico-2026-federal-copyright-law-current-lfda.pdf,Hybrid Criminal-Platform-led,thin,,remedies/consent,46.6,medium,5,19,0.2632,1,1,1,0.63
law,Mexico / Nueva Ley publicada en el Diario Oficial de la Federación el 24 de diciembre de 1996,Mexico,mexico-2026-federal-copyright-law-current-lfda.pdf,Hybrid Criminal-Platform-led,thin,,elections,52.6,medium,7,19,0.3684,1,1,1,0.579
law,Mexico / Nueva Ley publicada en el Diario Oficial de la Federación el 24 de diciembre de 1996,Mexico,mexico-2026-federal-copyright-law-current-lfda.pdf,Hybrid Criminal-Platform-led,thin,,criminalize/penalty,58.1,medium,8,19,0.4211,1,1,1,0.713
law,Mexico / Nueva Ley publicada en el Diario Oficial de la Federación el 24 de diciembre de 1996,Mexico,mexico-2026-federal-copyright-law-current-lfda.pdf,Hybrid Criminal-Platform-led,thin,,platform duties,66,high,11,19,0.5789,1,1,1,0.559
law,"Pakistan / 2. Amendment of section 2, Act XL of 2016.—In the Prevention of",Pakistan,"pakistan-2025-II. The Prevention of Electronic Crimes (Amendment) Act, 2025.pdf",Hybrid Criminal-Platform-led,moderate,,scope/coverage,74.3,high,51,77,0.6623,1,1,1,0.751
law,"Pakistan / 2. Amendment of section 2, Act XL of 2016.—In the Prevention of",Pakistan,"pakistan-2025-II. The Prevention of Electronic Crimes (Amendment) Act, 2025.pdf",Hybrid Criminal-Platform-led,moderate,,disclosure/labeling,0,none,0,77,0,0,1,0,0
law,"Pakistan / 2. Amendment of section 2, Act XL of 2016.—In the Prevention of",Pakistan,"pakistan-2025-II. The Prevention of Electronic Crimes (Amendment) Act, 2025.pdf",Hybrid Criminal-Platform-led,moderate,,remedies/consent,0,none,0,77,0,0,1,0,0
law,"Pakistan / 2. Amendment of section 2, Act XL of 2016.—In the Prevention of",Pakistan,"pakistan-2025-II. The Prevention of Electronic Crimes (Amendment) Act, 2025.pdf",Hybrid Criminal-Platform-led,moderate,,elections,0,none,0,77,0,0,1,0,0
law,"Pakistan / 2. Amendment of section 2, Act XL of 2016.—In the Prevention of",Pakistan,"pakistan-2025-II. The Prevention of Electronic Crimes (Amendment) Act, 2025.pdf",Hybrid Criminal-Platform-led,moderate,,criminalize/penalty,50.6,medium,21,77,0.2727,1,1,1,0.857
law,"Pakistan / 2. Amendment of section 2, Act XL of 2016.—In the Prevention of",Pakistan,"pakistan-2025-II. The Prevention of Electronic Crimes (Amendment) Act, 2025.pdf",Hybrid Criminal-Platform-led,moderate,,platform duties,69.7,high,45,77,0.5844,1,1,1,0.78
law,Saudi Arabia / Anti-Cyber Crime Law,Saudi Arabia,saudi-2007-Anti-Cyber-Crime-Law-M17-EN.pdf,Strict Criminal-led,thin,,scope/coverage,60.4,high,9,20,0.45,1,1,1,0.744
law,Saudi Arabia / Anti-Cyber Crime Law,Saudi Arabia,saudi-2007-Anti-Cyber-Crime-Law-M17-EN.pdf,Strict Criminal-led,thin,,disclosure/labeling,39.6,medium,2,20,0.1,1,1,1,0.875
law,Saudi Arabia / Anti-Cyber Crime Law,Saudi Arabia,saudi-2007-Anti-Cyber-Crime-Law-M17-EN.pdf,Strict Criminal-led,thin,,remedies/consent,0,none,0,20,0,0,1,0,0
law,Saudi Arabia / Anti-Cyber Crime Law,Saudi Arabia,saudi-2007-Anti-Cyber-Crime-Law-M17-EN.pdf,Strict Criminal-led,thin,,elections,0,none,0,20,0,0,1,0,0
law,Saudi Arabia / Anti-Cyber Crime Law,Saudi Arabia,saudi-2007-Anti-Cyber-Crime-Law-M17-EN.pdf,Strict Criminal-led,thin,,criminalize/penalty,75.1,high,14,20,0.7,1,1,1,0.643
law,Saudi Arabia / Anti-Cyber Crime Law,Saudi Arabia,saudi-2007-Anti-Cyber-Crime-Law-M17-EN.pdf,Strict Criminal-led,thin,,platform duties,34.5,medium,1,20,0.05,1,1,1,0.75
law,Singapore / The following Act was passed by Parliament on 15 October 2024 and assented to by the President on 8 November 2024:—,Singapore,singapore-2025-Elections (Integrity of Online Advertising) (Amend.pdf,Strict Criminal-led,moderate,,scope/coverage,55.6,medium,25,66,0.3788,1,1,1,0.73
law,Singapore / The following Act was passed by Parliament on 15 October 2024 and assented to by the President on 8 November 2024:—,Singapore,singapore-2025-Elections (Integrity of Online Advertising) (Amend.pdf,Strict Criminal-led,moderate,,disclosure/labeling,0,none,0,66,0,0,1,0,0
law,Singapore / The following Act was passed by Parliament on 15 October 2024 and assented to by the President on 8 November 2024:—,Singapore,singapore-2025-Elections (Integrity of Online Advertising) (Amend.pdf,Strict Criminal-led,moderate,,remedies/consent,35.1,medium,2,66,0.0303,1,1,1,0.875
law,Singapore / The following Act was passed by Parliament on 15 October 2024 and assented to by the President on 8 November 2024:—,Singapore,singapore-2025-Elections (Integrity of Online Advertising) (Amend.pdf,Strict Criminal-led,moderate,,elections,77.1,high,46,66,0.697,1,1,1,0.788
law,Singapore / The following Act was passed by Parliament on 15 October 2024 and assented to by the President on 8 November 2024:—,Singapore,singapore-2025-Elections (Integrity of Online Advertising) (Amend.pdf,Strict Criminal-led,moderate,,criminalize/penalty,45.6,medium,14,66,0.2121,1,1,1,0.786
law,Singapore / The following Act was passed by Parliament on 15 October 2024 and assented to by the President on 8 November 2024:—,Singapore,singapore-2025-Elections (Integrity of Online Advertising) (Amend.pdf,Strict Criminal-led,moderate,,platform duties,33.2,medium,2,66,0.0303,1,1,1,0.75
law,"South Korea / [Enforcement Date 01. Oct, 2025.] [Act No.21066, 01. Oct, 2025., Amendment by",South Korea,korea-2026-information-communications-network-act-law-no-21305-en.pdf,Hybrid Criminal-Platform-led,moderate,,scope/coverage,49.2,medium,79,290,0.2724,1,1,1,0.764
law,"South Korea / [Enforcement Date 01. Oct, 2025.] [Act No.21066, 01. Oct, 2025., Amendment by",South Korea,korea-2026-information-communications-network-act-law-no-21305-en.pdf,Hybrid Criminal-Platform-led,moderate,,disclosure/labeling,34.5,medium,13,290,0.0448,1,1,1,0.769
law,"South Korea / [Enforcement Date 01. Oct, 2025.] [Act No.21066, 01. Oct, 2025., Amendment by",South Korea,korea-2026-information-communications-network-act-law-no-21305-en.pdf,Hybrid Criminal-Platform-led,moderate,,remedies/consent,38.4,medium,31,290,0.1069,1,1,1,0.766
law,"South Korea / [Enforcement Date 01. Oct, 2025.] [Act No.21066, 01. Oct, 2025., Amendment by",South Korea,korea-2026-information-communications-network-act-law-no-21305-en.pdf,Hybrid Criminal-Platform-led,moderate,,elections,0,none,0,290,0,0,1,0,0
law,"South Korea / [Enforcement Date 01. Oct, 2025.] [Act No.21066, 01. Oct, 2025., Amendment by",South Korea,korea-2026-information-communications-network-act-law-no-21305-en.pdf,Hybrid Criminal-Platform-led,moderate,,criminalize/penalty,47.4,medium,72,290,0.2483,1,1,1,0.752
law,"South Korea / [Enforcement Date 01. Oct, 2025.] [Act No.21066, 01. Oct, 2025., Amendment by",South Korea,korea-2026-information-communications-network-act-law-no-21305-en.pdf,Hybrid Criminal-Platform-led,moderate,,platform duties,63,high,144,290,0.4966,1,1,1,0.717
law,"South Korea / [Enforcement Date 21. Jan, 2025.] [Act No.20712, 21. Jan, 2025., Amendment by",South Korea,korea-2025-act-on-fair-labeling-and-advertising-law-no-20712-en.pdf,Strict Criminal-led,moderate,,scope/coverage,45.3,medium,19,89,0.2135,1,1,1,0.761
law,"South Korea / [Enforcement Date 21. Jan, 2025.] [Act No.20712, 21. Jan, 2025., Amendment by",South Korea,korea-2025-act-on-fair-labeling-and-advertising-law-no-20712-en.pdf,Strict Criminal-led,moderate,,disclosure/labeling,62.8,high,43,89,0.4831,1,1,1,0.762
law,"South Korea / [Enforcement Date 21. Jan, 2025.] [Act No.20712, 21. Jan, 2025., Amendment by",South Korea,korea-2025-act-on-fair-labeling-and-advertising-law-no-20712-en.pdf,Strict Criminal-led,moderate,,remedies/consent,0,none,0,89,0,0,1,0,0
law,"South Korea / [Enforcement Date 21. Jan, 2025.] [Act No.20712, 21. Jan, 2025., Amendment by",South Korea,korea-2025-act-on-fair-labeling-and-advertising-law-no-20712-en.pdf,Strict Criminal-led,moderate,,elections,0,none,0,89,0,0,1,0,0
law,"South Korea / [Enforcement Date 21. Jan, 2025.] [Act No.20712, 21. Jan, 2025., Amendment by",South Korea,korea-2025-act-on-fair-labeling-and-advertising-law-no-20712-en.pdf,Strict Criminal-led,moderate,,criminalize/penalty,62.1,high,42,89,0.4719,1,1,1,0.762
law,"South Korea / [Enforcement Date 21. Jan, 2025.] [Act No.20712, 21. Jan, 2025., Amendment by",South Korea,korea-2025-act-on-fair-labeling-and-advertising-law-no-20712-en.pdf,Strict Criminal-led,moderate,,platform duties,32.7,medium,2,89,0.0225,1,1,1,0.75
law,South Korea / AI Basic Act of the Republic of Korea --> AI Basic Act of the Republic of Korea The Act Implementation About,South Korea,korea-2025-AI Basic Act of the Republic of Korea.html,Hybrid/Mixed,very-thin-review-required,,scope/coverage,91.8,high,1,1,1,1,1,1,0.45
law,South Korea / AI Basic Act of the Republic of Korea --> AI Basic Act of the Republic of Korea The Act Implementation About,South Korea,korea-2025-AI Basic Act of the Republic of Korea.html,Hybrid/Mixed,very-thin-review-required,,disclosure/labeling,0,none,0,1,0,0,1,0,0
law,South Korea / AI Basic Act of the Republic of Korea --> AI Basic Act of the Republic of Korea The Act Implementation About,South Korea,korea-2025-AI Basic Act of the Republic of Korea.html,Hybrid/Mixed,very-thin-review-required,,remedies/consent,0,none,0,1,0,0,1,0,0
law,South Korea / AI Basic Act of the Republic of Korea --> AI Basic Act of the Republic of Korea The Act Implementation About,South Korea,korea-2025-AI Basic Act of the Republic of Korea.html,Hybrid/Mixed,very-thin-review-required,,elections,0,none,0,1,0,0,1,0,0
law,South Korea / AI Basic Act of the Republic of Korea --> AI Basic Act of the Republic of Korea The Act Implementation About,South Korea,korea-2025-AI Basic Act of the Republic of Korea.html,Hybrid/Mixed,very-thin-review-required,,criminalize/penalty,0,none,0,1,0,0,1,0,0
law,South Korea / AI Basic Act of the Republic of Korea --> AI Basic Act of the Republic of Korea The Act Implementation About,South Korea,korea-2025-AI Basic Act of the Republic of Korea.html,Hybrid/Mixed,very-thin-review-required,,platform duties,0,none,0,1,0,0,1,0,0
law,South Korea / The purpose of this Act is to prescribe the basic matters necessary for the,South Korea,korea-2025-framework-act-on-the-development-of-artificial-intelligence-and-the-creation-of-a-foundation-for-trust-en.pdf,Hybrid/Mixed,moderate,,scope/coverage,90.3,high,248,258,0.9612,1,1,1,0.52
law,South Korea / The purpose of this Act is to prescribe the basic matters necessary for the,South Korea,korea-2025-framework-act-on-the-development-of-artificial-intelligence-and-the-creation-of-a-foundation-for-trust-en.pdf,Hybrid/Mixed,moderate,,disclosure/labeling,32.5,medium,5,258,0.0194,1,1,1,0.75
law,South Korea / The purpose of this Act is to prescribe the basic matters necessary for the,South Korea,korea-2025-framework-act-on-the-development-of-artificial-intelligence-and-the-creation-of-a-foundation-for-trust-en.pdf,Hybrid/Mixed,moderate,,remedies/consent,0,none,0,258,0,0,1,0,0
law,South Korea / The purpose of this Act is to prescribe the basic matters necessary for the,South Korea,korea-2025-framework-act-on-the-development-of-artificial-intelligence-and-the-creation-of-a-foundation-for-trust-en.pdf,Hybrid/Mixed,moderate,,elections,27,low,1,258,0.0039,1,1,1,0.45
law,South Korea / The purpose of this Act is to prescribe the basic matters necessary for the,South Korea,korea-2025-framework-act-on-the-development-of-artificial-intelligence-and-the-creation-of-a-foundation-for-trust-en.pdf,Hybrid/Mixed,moderate,,criminalize/penalty,33.5,medium,9,258,0.0349,1,1,1,0.75
law,South Korea / The purpose of this Act is to prescribe the basic matters necessary for the,South Korea,korea-2025-framework-act-on-the-development-of-artificial-intelligence-and-the-creation-of-a-foundation-for-trust-en.pdf,Hybrid/Mixed,moderate,,platform duties,32,medium,6,258,0.0233,1,1,1,0.7
law,South Korea / 딥페이크영상등 표시사항 및 표시방법,South Korea,korea-2024-korea-election-rule-deepfake-labeling-annex-1-3.pdf,Provenance/Disclosure-led,very-thin-review-required,,scope/coverage,97.8,high,5,5,1,1,1,1,0.85
law,South Korea / 딥페이크영상등 표시사항 및 표시방법,South Korea,korea-2024-korea-election-rule-deepfake-labeling-annex-1-3.pdf,Provenance/Disclosure-led,very-thin-review-required,,disclosure/labeling,97.8,high,5,5,1,1,1,1,0.85
law,South Korea / 딥페이크영상등 표시사항 및 표시방법,South Korea,korea-2024-korea-election-rule-deepfake-labeling-annex-1-3.pdf,Provenance/Disclosure-led,very-thin-review-required,,remedies/consent,0,none,0,5,0,0,1,0,0
law,South Korea / 딥페이크영상등 표시사항 및 표시방법,South Korea,korea-2024-korea-election-rule-deepfake-labeling-annex-1-3.pdf,Provenance/Disclosure-led,very-thin-review-required,,elections,48,medium,1,5,0.2,1,1,1,1
law,South Korea / 딥페이크영상등 표시사항 및 표시방법,South Korea,korea-2024-korea-election-rule-deepfake-labeling-annex-1-3.pdf,Provenance/Disclosure-led,very-thin-review-required,,criminalize/penalty,0,none,0,5,0,0,1,0,0
law,South Korea / 딥페이크영상등 표시사항 및 표시방법,South Korea,korea-2024-korea-election-rule-deepfake-labeling-annex-1-3.pdf,Provenance/Disclosure-led,very-thin-review-required,,platform duties,0,none,0,5,0,0,1,0,0
law,South Korea / 인공지능 발전과 신뢰 기반 조성 등에 관한 기본법,South Korea,korea-2026-ai-basic-act-law-no-21311.pdf,Hybrid/Mixed,moderate,,scope/coverage,92.5,high,284,290,0.9793,1,1,1,0.589
law,South Korea / 인공지능 발전과 신뢰 기반 조성 등에 관한 기본법,South Korea,korea-2026-ai-basic-act-law-no-21311.pdf,Hybrid/Mixed,moderate,,disclosure/labeling,35,medium,7,290,0.0241,1,1,1,0.893
law,South Korea / 인공지능 발전과 신뢰 기반 조성 등에 관한 기본법,South Korea,korea-2026-ai-basic-act-law-no-21311.pdf,Hybrid/Mixed,moderate,,remedies/consent,31.7,medium,2,290,0.0069,1,1,1,0.75
law,South Korea / 인공지능 발전과 신뢰 기반 조성 등에 관한 기본법,South Korea,korea-2026-ai-basic-act-law-no-21311.pdf,Hybrid/Mixed,moderate,,elections,27,low,1,290,0.0034,1,1,1,0.45
law,South Korea / 인공지능 발전과 신뢰 기반 조성 등에 관한 기본법,South Korea,korea-2026-ai-basic-act-law-no-21311.pdf,Hybrid/Mixed,moderate,,criminalize/penalty,34.4,medium,14,290,0.0483,1,1,1,0.75
law,South Korea / 인공지능 발전과 신뢰 기반 조성 등에 관한 기본법,South Korea,korea-2026-ai-basic-act-law-no-21311.pdf,Hybrid/Mixed,moderate,,platform duties,40.4,medium,37,290,0.1276,1,1,1,0.809
law,South Korea / 인공지능 발전과 신뢰 기반 조성 등에 관한 기본법 시행령,South Korea,korea-2026-ai-basic-act-enforcement-decree-presidential-decree-no-36053.pdf,Platform-duty-led,moderate,,scope/coverage,94,high,118,120,0.9833,1,1,1,0.671
law,South Korea / 인공지능 발전과 신뢰 기반 조성 등에 관한 기본법 시행령,South Korea,korea-2026-ai-basic-act-enforcement-decree-presidential-decree-no-36053.pdf,Platform-duty-led,moderate,,disclosure/labeling,38.9,medium,11,120,0.0917,1,1,1,0.864
law,South Korea / 인공지능 발전과 신뢰 기반 조성 등에 관한 기본법 시행령,South Korea,korea-2026-ai-basic-act-enforcement-decree-presidential-decree-no-36053.pdf,Platform-duty-led,moderate,,remedies/consent,35.5,medium,1,120,0.0083,1,1,1,1
law,South Korea / 인공지능 발전과 신뢰 기반 조성 등에 관한 기본법 시행령,South Korea,korea-2026-ai-basic-act-enforcement-decree-presidential-decree-no-36053.pdf,Platform-duty-led,moderate,,elections,0,none,0,120,0,0,1,0,0
law,South Korea / 인공지능 발전과 신뢰 기반 조성 등에 관한 기본법 시행령,South Korea,korea-2026-ai-basic-act-enforcement-decree-presidential-decree-no-36053.pdf,Platform-duty-led,moderate,,criminalize/penalty,35.6,medium,7,120,0.0583,1,1,1,0.786
law,South Korea / 인공지능 발전과 신뢰 기반 조성 등에 관한 기본법 시행령,South Korea,korea-2026-ai-basic-act-enforcement-decree-presidential-decree-no-36053.pdf,Platform-duty-led,moderate,,platform duties,48.5,medium,30,120,0.25,1,1,1,0.817
law,South Korea / 정보통신망 이용촉진 및 정보보호 등에 관한 법률,South Korea,korea-2026-information-communications-network-act-law-no-21305-ko.pdf,Hybrid Criminal-Platform-led,moderate,,scope/coverage,97.9,high,93,93,1,1,1,1,0.86
law,South Korea / 정보통신망 이용촉진 및 정보보호 등에 관한 법률,South Korea,korea-2026-information-communications-network-act-law-no-21305-ko.pdf,Hybrid Criminal-Platform-led,moderate,,disclosure/labeling,49.4,medium,24,93,0.2581,1,1,1,0.844
law,South Korea / 정보통신망 이용촉진 및 정보보호 등에 관한 법률,South Korea,korea-2026-information-communications-network-act-law-no-21305-ko.pdf,Hybrid Criminal-Platform-led,moderate,,remedies/consent,60.5,high,40,93,0.4301,1,1,1,0.838
law,South Korea / 정보통신망 이용촉진 및 정보보호 등에 관한 법률,South Korea,korea-2026-information-communications-network-act-law-no-21305-ko.pdf,Hybrid Criminal-Platform-led,moderate,,elections,34.6,medium,3,93,0.0323,1,1,1,0.833
law,South Korea / 정보통신망 이용촉진 및 정보보호 등에 관한 법률,South Korea,korea-2026-information-communications-network-act-law-no-21305-ko.pdf,Hybrid Criminal-Platform-led,moderate,,criminalize/penalty,54.8,medium,30,93,0.3226,1,1,1,0.925
law,South Korea / 정보통신망 이용촉진 및 정보보호 등에 관한 법률,South Korea,korea-2026-information-communications-network-act-law-no-21305-ko.pdf,Hybrid Criminal-Platform-led,moderate,,platform duties,55.3,medium,31,93,0.3333,1,1,1,0.911
law,South Korea / 표시ㆍ광고의 공정화에 관한 법률,South Korea,korea-2025-act-on-fair-labeling-and-advertising-law-no-20712-ko.pdf,Hybrid Criminal-Platform-led,moderate,,scope/coverage,54.9,medium,23,70,0.3286,1,1,1,0.902
law,South Korea / 표시ㆍ광고의 공정화에 관한 법률,South Korea,korea-2025-act-on-fair-labeling-and-advertising-law-no-20712-ko.pdf,Hybrid Criminal-Platform-led,moderate,,disclosure/labeling,76.5,high,47,70,0.6714,1,1,1,0.856
law,South Korea / 표시ㆍ광고의 공정화에 관한 법률,South Korea,korea-2025-act-on-fair-labeling-and-advertising-law-no-20712-ko.pdf,Hybrid Criminal-Platform-led,moderate,,remedies/consent,39.3,medium,6,70,0.0857,1,1,1,0.917
law,South Korea / 표시ㆍ광고의 공정화에 관한 법률,South Korea,korea-2025-act-on-fair-labeling-and-advertising-law-no-20712-ko.pdf,Hybrid Criminal-Platform-led,moderate,,elections,37.8,medium,3,70,0.0429,1,1,1,1
law,South Korea / 표시ㆍ광고의 공정화에 관한 법률,South Korea,korea-2025-act-on-fair-labeling-and-advertising-law-no-20712-ko.pdf,Hybrid Criminal-Platform-led,moderate,,criminalize/penalty,59,medium,28,70,0.4,1,1,1,0.866
law,South Korea / 표시ㆍ광고의 공정화에 관한 법률,South Korea,korea-2025-act-on-fair-labeling-and-advertising-law-no-20712-ko.pdf,Hybrid Criminal-Platform-led,moderate,,platform duties,72.2,high,42,70,0.6,1,1,1,0.881
law,South Korea / 표시ㆍ광고의 공정화에 관한 법률 시행령,South Korea,korea-2025-enforcement-decree-of-act-on-fair-labeling-and-advertising-presidential-decree-no-35811-ko.pdf,Platform-duty-led,thin,,scope/coverage,59.6,medium,9,23,0.3913,1,1,1,0.944
law,South Korea / 표시ㆍ광고의 공정화에 관한 법률 시행령,South Korea,korea-2025-enforcement-decree-of-act-on-fair-labeling-and-advertising-presidential-decree-no-35811-ko.pdf,Platform-duty-led,thin,,disclosure/labeling,95,high,22,23,0.9565,1,1,1,0.852
law,South Korea / 표시ㆍ광고의 공정화에 관한 법률 시행령,South Korea,korea-2025-enforcement-decree-of-act-on-fair-labeling-and-advertising-presidential-decree-no-35811-ko.pdf,Platform-duty-led,thin,,remedies/consent,37.8,medium,1,23,0.0435,1,1,1,1
law,South Korea / 표시ㆍ광고의 공정화에 관한 법률 시행령,South Korea,korea-2025-enforcement-decree-of-act-on-fair-labeling-and-advertising-presidential-decree-no-35811-ko.pdf,Platform-duty-led,thin,,elections,0,none,0,23,0,0,1,0,0
law,South Korea / 표시ㆍ광고의 공정화에 관한 법률 시행령,South Korea,korea-2025-enforcement-decree-of-act-on-fair-labeling-and-advertising-presidential-decree-no-35811-ko.pdf,Platform-duty-led,thin,,criminalize/penalty,34.1,medium,1,23,0.0435,1,1,1,0.75
law,South Korea / 표시ㆍ광고의 공정화에 관한 법률 시행령,South Korea,korea-2025-enforcement-decree-of-act-on-fair-labeling-and-advertising-presidential-decree-no-35811-ko.pdf,Platform-duty-led,thin,,platform duties,75.6,high,15,23,0.6522,1,1,1,0.883
law,United Arab Emirates / Federal Decree-Law of 2021 on Countering Rumors and Cybercrimes 1,United Arab Emirates,uae-2021-Federal Decree-Law No. (34) of 2021 On Countering Rumors and Cybercrimes.pdf,Strict Criminal-led,moderate,,scope/coverage,44.1,medium,12,73,0.1644,1,1,1,0.896
law,United Arab Emirates / Federal Decree-Law of 2021 on Countering Rumors and Cybercrimes 1,United Arab Emirates,uae-2021-Federal Decree-Law No. (34) of 2021 On Countering Rumors and Cybercrimes.pdf,Strict Criminal-led,moderate,,disclosure/labeling,42,medium,10,73,0.137,1,1,1,0.875
law,United Arab Emirates / Federal Decree-Law of 2021 on Countering Rumors and Cybercrimes 1,United Arab Emirates,uae-2021-Federal Decree-Law No. (34) of 2021 On Countering Rumors and Cybercrimes.pdf,Strict Criminal-led,moderate,,remedies/consent,38,medium,5,73,0.0685,1,1,1,0.9
law,United Arab Emirates / Federal Decree-Law of 2021 on Countering Rumors and Cybercrimes 1,United Arab Emirates,uae-2021-Federal Decree-Law No. (34) of 2021 On Countering Rumors and Cybercrimes.pdf,Strict Criminal-led,moderate,,elections,34.9,medium,2,73,0.0274,1,1,1,0.875
law,United Arab Emirates / Federal Decree-Law of 2021 on Countering Rumors and Cybercrimes 1,United Arab Emirates,uae-2021-Federal Decree-Law No. (34) of 2021 On Countering Rumors and Cybercrimes.pdf,Strict Criminal-led,moderate,,criminalize/penalty,91.9,high,67,73,0.9178,1,1,1,0.813
law,United Arab Emirates / Federal Decree-Law of 2021 on Countering Rumors and Cybercrimes 1,United Arab Emirates,uae-2021-Federal Decree-Law No. (34) of 2021 On Countering Rumors and Cybercrimes.pdf,Strict Criminal-led,moderate,,platform duties,43.4,medium,11,73,0.1507,1,1,1,0.905
law,United Kingdom / (1) This Act provides for a new regulatory framework which has the general purpose of,United Kingdom,uk-2023-online-safety-act-sec179-amendment.pdf,Hybrid Criminal-Platform-led,moderate,,scope/coverage,55.5,medium,1084,2950,0.3675,1,1,1,0.778
law,United Kingdom / (1) This Act provides for a new regulatory framework which has the general purpose of,United Kingdom,uk-2023-online-safety-act-sec179-amendment.pdf,Hybrid Criminal-Platform-led,moderate,,disclosure/labeling,35.9,medium,136,2950,0.0461,1,1,1,0.862
law,United Kingdom / (1) This Act provides for a new regulatory framework which has the general purpose of,United Kingdom,uk-2023-online-safety-act-sec179-amendment.pdf,Hybrid Criminal-Platform-led,moderate,,remedies/consent,38.4,medium,276,2950,0.0936,1,1,1,0.82
law,United Kingdom / (1) This Act provides for a new regulatory framework which has the general purpose of,United Kingdom,uk-2023-online-safety-act-sec179-amendment.pdf,Hybrid Criminal-Platform-led,moderate,,elections,32.1,medium,12,2950,0.0041,1,1,1,0.792
law,United Kingdom / (1) This Act provides for a new regulatory framework which has the general purpose of,United Kingdom,uk-2023-online-safety-act-sec179-amendment.pdf,Hybrid Criminal-Platform-led,moderate,,criminalize/penalty,48.8,medium,768,2950,0.2603,1,1,1,0.793
law,United Kingdom / (1) This Act provides for a new regulatory framework which has the general purpose of,United Kingdom,uk-2023-online-safety-act-sec179-amendment.pdf,Hybrid Criminal-Platform-led,moderate,,platform duties,75.3,high,2016,2950,0.6834,1,1,1,0.727
law,United Kingdom / Data (Use and Access) Act 2025,United Kingdom,uk-2025-Data (Use and Access) Act 2025.pdf,Hybrid Criminal-Platform-led,moderate,,scope/coverage,58.5,medium,373,833,0.4478,1,1,1,0.628
law,United Kingdom / Data (Use and Access) Act 2025,United Kingdom,uk-2025-Data (Use and Access) Act 2025.pdf,Hybrid Criminal-Platform-led,moderate,,disclosure/labeling,39,medium,94,833,0.1128,1,1,1,0.777
law,United Kingdom / Data (Use and Access) Act 2025,United Kingdom,uk-2025-Data (Use and Access) Act 2025.pdf,Hybrid Criminal-Platform-led,moderate,,remedies/consent,38.7,medium,90,833,0.108,1,1,1,0.778
law,United Kingdom / Data (Use and Access) Act 2025,United Kingdom,uk-2025-Data (Use and Access) Act 2025.pdf,Hybrid Criminal-Platform-led,moderate,,elections,26.8,low,1,833,0.0012,1,1,1,0.45
law,United Kingdom / Data (Use and Access) Act 2025,United Kingdom,uk-2025-Data (Use and Access) Act 2025.pdf,Hybrid Criminal-Platform-led,moderate,,criminalize/penalty,50,medium,238,833,0.2857,1,1,1,0.762
law,United Kingdom / Data (Use and Access) Act 2025,United Kingdom,uk-2025-Data (Use and Access) Act 2025.pdf,Hybrid Criminal-Platform-led,moderate,,platform duties,47.1,medium,209,833,0.2509,1,1,1,0.722
law,"United States / (e) ""Harass"" means an act that would cause a substantial adverse effect on the safety, security, or privacy",United States,united-states-2025-Minnesota-617.262-NONCONSENSUAL DISSEMINATION OF A DEEP FAKE DEPICTING INTIMATE.pdf,Rights/Remedies-led,moderate,,scope/coverage,77.2,high,26,37,0.7027,1,1,1,0.767
law,"United States / (e) ""Harass"" means an act that would cause a substantial adverse effect on the safety, security, or privacy",United States,united-states-2025-Minnesota-617.262-NONCONSENSUAL DISSEMINATION OF A DEEP FAKE DEPICTING INTIMATE.pdf,Rights/Remedies-led,moderate,,disclosure/labeling,33,medium,1,37,0.027,1,1,1,0.75
law,"United States / (e) ""Harass"" means an act that would cause a substantial adverse effect on the safety, security, or privacy",United States,united-states-2025-Minnesota-617.262-NONCONSENSUAL DISSEMINATION OF A DEEP FAKE DEPICTING INTIMATE.pdf,Rights/Remedies-led,moderate,,remedies/consent,50.9,medium,11,37,0.2973,1,1,1,0.773
law,"United States / (e) ""Harass"" means an act that would cause a substantial adverse effect on the safety, security, or privacy",United States,united-states-2025-Minnesota-617.262-NONCONSENSUAL DISSEMINATION OF A DEEP FAKE DEPICTING INTIMATE.pdf,Rights/Remedies-led,moderate,,elections,0,none,0,37,0,0,1,0,0
law,"United States / (e) ""Harass"" means an act that would cause a substantial adverse effect on the safety, security, or privacy",United States,united-states-2025-Minnesota-617.262-NONCONSENSUAL DISSEMINATION OF A DEEP FAKE DEPICTING INTIMATE.pdf,Rights/Remedies-led,moderate,,criminalize/penalty,43,medium,6,37,0.1622,1,1,1,0.833
law,"United States / (e) ""Harass"" means an act that would cause a substantial adverse effect on the safety, security, or privacy",United States,united-states-2025-Minnesota-617.262-NONCONSENSUAL DISSEMINATION OF A DEEP FAKE DEPICTING INTIMATE.pdf,Rights/Remedies-led,moderate,,platform duties,39.1,medium,5,37,0.1351,1,1,1,0.69
law,"United States / (f) ""Sexual act"" means either sexual contact or sexual penetration.",United States,united-states-2025-Minnesota-604.32-CAUSE OF ACTION FOR NONCONSENSUAL DISSEMINATION OF A DEEP FAKE.pdf,Rights/Remedies-led,moderate,,scope/coverage,83.7,high,23,29,0.7931,1,1,1,0.813
law,"United States / (f) ""Sexual act"" means either sexual contact or sexual penetration.",United States,united-states-2025-Minnesota-604.32-CAUSE OF ACTION FOR NONCONSENSUAL DISSEMINATION OF A DEEP FAKE.pdf,Rights/Remedies-led,moderate,,disclosure/labeling,37.6,medium,2,29,0.069,1,1,1,0.875
law,"United States / (f) ""Sexual act"" means either sexual contact or sexual penetration.",United States,united-states-2025-Minnesota-604.32-CAUSE OF ACTION FOR NONCONSENSUAL DISSEMINATION OF A DEEP FAKE.pdf,Rights/Remedies-led,moderate,,remedies/consent,61.8,high,13,29,0.4483,1,1,1,0.846
law,"United States / (f) ""Sexual act"" means either sexual contact or sexual penetration.",United States,united-states-2025-Minnesota-604.32-CAUSE OF ACTION FOR NONCONSENSUAL DISSEMINATION OF A DEEP FAKE.pdf,Rights/Remedies-led,moderate,,elections,0,none,0,29,0,0,1,0,0
law,"United States / (f) ""Sexual act"" means either sexual contact or sexual penetration.",United States,united-states-2025-Minnesota-604.32-CAUSE OF ACTION FOR NONCONSENSUAL DISSEMINATION OF A DEEP FAKE.pdf,Rights/Remedies-led,moderate,,criminalize/penalty,42.1,medium,4,29,0.1379,1,1,1,0.875
law,"United States / (f) ""Sexual act"" means either sexual contact or sexual penetration.",United States,united-states-2025-Minnesota-604.32-CAUSE OF ACTION FOR NONCONSENSUAL DISSEMINATION OF A DEEP FAKE.pdf,Rights/Remedies-led,moderate,,platform duties,0,none,0,29,0,0,1,0,0
law,United States / 765 ILCS 1075/ - Right of Publicity Act.,United States,united-states-2025-Illinois -765 ILCS 1075_ - Right of Publicity Act.pdf,Hybrid/Mixed,moderate,,scope/coverage,73.8,high,21,32,0.6563,1,1,1,0.743
law,United States / 765 ILCS 1075/ - Right of Publicity Act.,United States,united-states-2025-Illinois -765 ILCS 1075_ - Right of Publicity Act.pdf,Hybrid/Mixed,moderate,,disclosure/labeling,38.6,medium,3,32,0.0938,1,1,1,0.833
law,United States / 765 ILCS 1075/ - Right of Publicity Act.,United States,united-states-2025-Illinois -765 ILCS 1075_ - Right of Publicity Act.pdf,Hybrid/Mixed,moderate,,remedies/consent,42.9,medium,5,32,0.1563,1,1,1,0.85
law,United States / 765 ILCS 1075/ - Right of Publicity Act.,United States,united-states-2025-Illinois -765 ILCS 1075_ - Right of Publicity Act.pdf,Hybrid/Mixed,moderate,,elections,37.3,medium,3,32,0.0938,1,1,1,0.75
law,United States / 765 ILCS 1075/ - Right of Publicity Act.,United States,united-states-2025-Illinois -765 ILCS 1075_ - Right of Publicity Act.pdf,Hybrid/Mixed,moderate,,criminalize/penalty,44.1,medium,6,32,0.1875,1,1,1,0.792
law,United States / 765 ILCS 1075/ - Right of Publicity Act.,United States,united-states-2025-Illinois -765 ILCS 1075_ - Right of Publicity Act.pdf,Hybrid/Mixed,moderate,,platform duties,45.3,medium,6,32,0.1875,1,1,1,0.875
law,United States / Assembly Bill No. 2655,United States,united-states-2024-California-Defending Democracy from Deepfake Deception Act.pdf,Platform-duty-led,moderate,,scope/coverage,92.4,high,84,94,0.8936,1,1,1,0.952
law,United States / Assembly Bill No. 2655,United States,united-states-2024-California-Defending Democracy from Deepfake Deception Act.pdf,Platform-duty-led,moderate,,disclosure/labeling,55.7,medium,30,94,0.3191,1,1,1,1
law,United States / Assembly Bill No. 2655,United States,united-states-2024-California-Defending Democracy from Deepfake Deception Act.pdf,Platform-duty-led,moderate,,remedies/consent,35.7,medium,1,94,0.0106,1,1,1,1
law,United States / Assembly Bill No. 2655,United States,united-states-2024-California-Defending Democracy from Deepfake Deception Act.pdf,Platform-duty-led,moderate,,elections,73.9,high,57,94,0.6064,1,1,1,0.965
law,United States / Assembly Bill No. 2655,United States,united-states-2024-California-Defending Democracy from Deepfake Deception Act.pdf,Platform-duty-led,moderate,,criminalize/penalty,0,none,0,94,0,0,1,0,0
law,United States / Assembly Bill No. 2655,United States,united-states-2024-California-Defending Democracy from Deepfake Deception Act.pdf,Platform-duty-led,moderate,,platform duties,64,high,42,94,0.4468,1,1,1,0.994
law,United States / CIVIL CODE,United States,united-states-2026-California-Civil Code-1708.86.pdf,Platform-duty-led,moderate,,scope/coverage,78.8,high,40,56,0.7143,1,1,1,0.825
law,United States / CIVIL CODE,United States,united-states-2026-California-Civil Code-1708.86.pdf,Platform-duty-led,moderate,,disclosure/labeling,46.7,medium,12,56,0.2143,1,1,1,0.854
law,United States / CIVIL CODE,United States,united-states-2026-California-Civil Code-1708.86.pdf,Platform-duty-led,moderate,,remedies/consent,65,high,28,56,0.5,1,1,1,0.83
law,United States / CIVIL CODE,United States,united-states-2026-California-Civil Code-1708.86.pdf,Platform-duty-led,moderate,,elections,33.6,medium,2,56,0.0357,1,1,1,0.75
law,United States / CIVIL CODE,United States,united-states-2026-California-Civil Code-1708.86.pdf,Platform-duty-led,moderate,,criminalize/penalty,39.9,medium,7,56,0.125,1,1,1,0.786
law,United States / CIVIL CODE,United States,united-states-2026-California-Civil Code-1708.86.pdf,Platform-duty-led,moderate,,platform duties,46.7,medium,12,56,0.2143,1,1,1,0.854
law,United States / Civil Code section,United States,united-states-2025-California-Civil Code section 3344-1.pdf,Hybrid Criminal-Platform-led,thin,,scope/coverage,78.3,high,9,13,0.6923,2,2,1,0.889
law,United States / Civil Code section,United States,united-states-2025-California-Civil Code section 3344-1.pdf,Hybrid Criminal-Platform-led,thin,,disclosure/labeling,0,none,0,13,0,0,2,0,0
law,United States / Civil Code section,United States,united-states-2025-California-Civil Code section 3344-1.pdf,Hybrid Criminal-Platform-led,thin,,remedies/consent,77.9,high,9,13,0.6923,2,2,1,0.861
law,United States / Civil Code section,United States,united-states-2025-California-Civil Code section 3344-1.pdf,Hybrid Criminal-Platform-led,thin,,elections,50,medium,3,13,0.2308,2,2,1,1
law,United States / Civil Code section,United States,united-states-2025-California-Civil Code section 3344-1.pdf,Hybrid Criminal-Platform-led,thin,,criminalize/penalty,63.1,high,6,13,0.4615,2,2,1,0.875
law,United States / Civil Code section,United States,united-states-2025-California-Civil Code section 3344-1.pdf,Hybrid Criminal-Platform-led,thin,,platform duties,50,medium,3,13,0.2308,2,2,1,1
law,"United States / judicial, or local office including special districts, school districts, towns, home rule charter and statutory cities, and counties.",United States,united-states-2025-Minnesota-609.771-USE OF DEEP FAKE TECHNOLOGY TO INFLUENCE ELECTION.pdf,Strict Criminal-led,thin,,scope/coverage,56.9,medium,6,16,0.375,1,1,1,0.833
law,"United States / judicial, or local office including special districts, school districts, towns, home rule charter and statutory cities, and counties.",United States,united-states-2025-Minnesota-609.771-USE OF DEEP FAKE TECHNOLOGY TO INFLUENCE ELECTION.pdf,Strict Criminal-led,thin,,disclosure/labeling,0,none,0,16,0,0,1,0,0
law,"United States / judicial, or local office including special districts, school districts, towns, home rule charter and statutory cities, and counties.",United States,united-states-2025-Minnesota-609.771-USE OF DEEP FAKE TECHNOLOGY TO INFLUENCE ELECTION.pdf,Strict Criminal-led,thin,,remedies/consent,35.3,medium,1,16,0.0625,1,1,1,0.75
law,"United States / judicial, or local office including special districts, school districts, towns, home rule charter and statutory cities, and counties.",United States,united-states-2025-Minnesota-609.771-USE OF DEEP FAKE TECHNOLOGY TO INFLUENCE ELECTION.pdf,Strict Criminal-led,thin,,elections,68.6,high,9,16,0.5625,1,1,1,0.806
law,"United States / judicial, or local office including special districts, school districts, towns, home rule charter and statutory cities, and counties.",United States,united-states-2025-Minnesota-609.771-USE OF DEEP FAKE TECHNOLOGY TO INFLUENCE ELECTION.pdf,Strict Criminal-led,thin,,criminalize/penalty,52.3,medium,5,16,0.3125,1,1,1,0.8
law,"United States / judicial, or local office including special districts, school districts, towns, home rule charter and statutory cities, and counties.",United States,united-states-2025-Minnesota-609.771-USE OF DEEP FAKE TECHNOLOGY TO INFLUENCE ELECTION.pdf,Strict Criminal-led,thin,,platform duties,39.1,medium,1,16,0.0625,1,1,1,1
law,United States / LABOR CODE,United States,united-states-2024-California-Labor Code-New-927-digital_replica.pdf,Provenance/Disclosure-led,very-thin-review-required,,scope/coverage,93.4,high,8,8,1,1,1,1,0.563
law,United States / LABOR CODE,United States,united-states-2024-California-Labor Code-New-927-digital_replica.pdf,Provenance/Disclosure-led,very-thin-review-required,,disclosure/labeling,39.4,medium,1,8,0.125,1,1,1,0.75
law,United States / LABOR CODE,United States,united-states-2024-California-Labor Code-New-927-digital_replica.pdf,Provenance/Disclosure-led,very-thin-review-required,,remedies/consent,39.4,medium,1,8,0.125,1,1,1,0.75
law,United States / LABOR CODE,United States,united-states-2024-California-Labor Code-New-927-digital_replica.pdf,Provenance/Disclosure-led,very-thin-review-required,,elections,0,none,0,8,0,0,1,0,0
law,United States / LABOR CODE,United States,united-states-2024-California-Labor Code-New-927-digital_replica.pdf,Provenance/Disclosure-led,very-thin-review-required,,criminalize/penalty,0,none,0,8,0,0,1,0,0
law,United States / LABOR CODE,United States,united-states-2024-California-Labor Code-New-927-digital_replica.pdf,Provenance/Disclosure-led,very-thin-review-required,,platform duties,0,none,0,8,0,0,1,0,0
law,United States / NYC General obligations SECTION 5 302,United States,united-states-2025-NYC-General-obligations-SECTION 5-302.docx,Hybrid/Mixed,very-thin-review-required,,scope/coverage,94.5,high,5,5,1,1,1,1,0.63
law,United States / NYC General obligations SECTION 5 302,United States,united-states-2025-NYC-General-obligations-SECTION 5-302.docx,Hybrid/Mixed,very-thin-review-required,,disclosure/labeling,0,none,0,5,0,0,1,0,0
law,United States / NYC General obligations SECTION 5 302,United States,united-states-2025-NYC-General-obligations-SECTION 5-302.docx,Hybrid/Mixed,very-thin-review-required,,remedies/consent,0,none,0,5,0,0,1,0,0
law,United States / NYC General obligations SECTION 5 302,United States,united-states-2025-NYC-General-obligations-SECTION 5-302.docx,Hybrid/Mixed,very-thin-review-required,,elections,0,none,0,5,0,0,1,0,0
law,United States / NYC General obligations SECTION 5 302,United States,united-states-2025-NYC-General-obligations-SECTION 5-302.docx,Hybrid/Mixed,very-thin-review-required,,criminalize/penalty,0,none,0,5,0,0,1,0,0
law,United States / NYC General obligations SECTION 5 302,United States,united-states-2025-NYC-General-obligations-SECTION 5-302.docx,Hybrid/Mixed,very-thin-review-required,,platform duties,0,none,0,5,0,0,1,0,0
law,United States / NYC Right of publicity SECTION 50 F,United States,united-states-2025-NYC-Right of publicity-SECTION 50-F.docx,Hybrid Criminal-Platform-led,thin,,scope/coverage,90.1,high,9,10,0.9,1,1,1,0.772
law,United States / NYC Right of publicity SECTION 50 F,United States,united-states-2025-NYC-Right of publicity-SECTION 50-F.docx,Hybrid Criminal-Platform-led,thin,,disclosure/labeling,48,medium,2,10,0.2,1,1,1,1
law,United States / NYC Right of publicity SECTION 50 F,United States,united-states-2025-NYC-Right of publicity-SECTION 50-F.docx,Hybrid Criminal-Platform-led,thin,,remedies/consent,46.1,medium,2,10,0.2,1,1,1,0.875
law,United States / NYC Right of publicity SECTION 50 F,United States,united-states-2025-NYC-Right of publicity-SECTION 50-F.docx,Hybrid Criminal-Platform-led,thin,,elections,41.5,medium,1,10,0.1,1,1,1,1
law,United States / NYC Right of publicity SECTION 50 F,United States,united-states-2025-NYC-Right of publicity-SECTION 50-F.docx,Hybrid Criminal-Platform-led,thin,,criminalize/penalty,46.1,medium,2,10,0.2,1,1,1,0.875
law,United States / NYC Right of publicity SECTION 50 F,United States,united-states-2025-NYC-Right of publicity-SECTION 50-F.docx,Hybrid Criminal-Platform-led,thin,,platform duties,53.3,medium,3,10,0.3,1,1,1,0.917
law,United States / SENATE BILL 24-205,United States,united-states-2025-Colorado-SB24-205 Consumer Protections for AI.pdf,Provenance/Disclosure-led,moderate,,scope/coverage,90.7,high,132,141,0.9362,1,1,1,0.657
law,United States / SENATE BILL 24-205,United States,united-states-2025-Colorado-SB24-205 Consumer Protections for AI.pdf,Provenance/Disclosure-led,moderate,,disclosure/labeling,39.2,medium,15,141,0.1064,1,1,1,0.817
law,United States / SENATE BILL 24-205,United States,united-states-2025-Colorado-SB24-205 Consumer Protections for AI.pdf,Provenance/Disclosure-led,moderate,,remedies/consent,0,none,0,141,0,0,1,0,0
law,United States / SENATE BILL 24-205,United States,united-states-2025-Colorado-SB24-205 Consumer Protections for AI.pdf,Provenance/Disclosure-led,moderate,,elections,0,none,0,141,0,0,1,0,0
law,United States / SENATE BILL 24-205,United States,united-states-2025-Colorado-SB24-205 Consumer Protections for AI.pdf,Provenance/Disclosure-led,moderate,,criminalize/penalty,0,none,0,141,0,0,1,0,0
law,United States / SENATE BILL 24-205,United States,united-states-2025-Colorado-SB24-205 Consumer Protections for AI.pdf,Provenance/Disclosure-led,moderate,,platform duties,37.4,medium,13,141,0.0922,1,1,1,0.758
law,United States / TAKE IT DOWN Act,United States,united-states-2025-TAKE-IT-DOWN-Act-public-law-119-12.pdf,Hybrid Criminal-Platform-led,moderate,,scope/coverage,51.4,medium,13,45,0.2889,1,1,1,0.842
law,United States / TAKE IT DOWN Act,United States,united-states-2025-TAKE-IT-DOWN-Act-public-law-119-12.pdf,Hybrid Criminal-Platform-led,moderate,,disclosure/labeling,44.6,medium,7,45,0.1556,1,1,1,0.964
law,United States / TAKE IT DOWN Act,United States,united-states-2025-TAKE-IT-DOWN-Act-public-law-119-12.pdf,Hybrid Criminal-Platform-led,moderate,,remedies/consent,63.4,high,21,45,0.4667,1,1,1,0.869
law,United States / TAKE IT DOWN Act,United States,united-states-2025-TAKE-IT-DOWN-Act-public-law-119-12.pdf,Hybrid Criminal-Platform-led,moderate,,elections,37.9,medium,2,45,0.0444,1,1,1,1
law,United States / TAKE IT DOWN Act,United States,united-states-2025-TAKE-IT-DOWN-Act-public-law-119-12.pdf,Hybrid Criminal-Platform-led,moderate,,criminalize/penalty,45.1,medium,8,45,0.1778,1,1,1,0.906
law,United States / TAKE IT DOWN Act,United States,united-states-2025-TAKE-IT-DOWN-Act-public-law-119-12.pdf,Hybrid Criminal-Platform-led,moderate,,platform duties,75.2,high,30,45,0.6667,1,1,1,0.79
law,United States / Tex. Election Code Section,United States,united-states-2025-Texas-Election Code Section 255.004 – True Source of Communication.pdf,Strict Criminal-led,very-thin-review-required,,scope/coverage,100,high,2,2,1,1,1,1,1
law,United States / Tex. Election Code Section,United States,united-states-2025-Texas-Election Code Section 255.004 – True Source of Communication.pdf,Strict Criminal-led,very-thin-review-required,,disclosure/labeling,0,none,0,2,0,0,1,0,0
law,United States / Tex. Election Code Section,United States,united-states-2025-Texas-Election Code Section 255.004 – True Source of Communication.pdf,Strict Criminal-led,very-thin-review-required,,remedies/consent,0,none,0,2,0,0,1,0,0
law,United States / Tex. Election Code Section,United States,united-states-2025-Texas-Election Code Section 255.004 – True Source of Communication.pdf,Strict Criminal-led,very-thin-review-required,,elections,100,high,2,2,1,1,1,1,1
law,United States / Tex. Election Code Section,United States,united-states-2025-Texas-Election Code Section 255.004 – True Source of Communication.pdf,Strict Criminal-led,very-thin-review-required,,criminalize/penalty,67.5,high,1,2,0.5,1,1,1,1
law,United States / Tex. Election Code Section,United States,united-states-2025-Texas-Election Code Section 255.004 – True Source of Communication.pdf,Strict Criminal-led,very-thin-review-required,,platform duties,0,none,0,2,0,0,1,0,0
law,United States / The TAKE IT DOWN Act: A Federal Law,United States,united-states-2025-The TAKE IT DOWN Act.pdf,Hybrid Criminal-Platform-led,very-thin-review-required,,scope/coverage,100,high,1,1,1,1,1,1,1
law,United States / The TAKE IT DOWN Act: A Federal Law,United States,united-states-2025-The TAKE IT DOWN Act.pdf,Hybrid Criminal-Platform-led,very-thin-review-required,,disclosure/labeling,100,high,1,1,1,1,1,1,1
law,United States / The TAKE IT DOWN Act: A Federal Law,United States,united-states-2025-The TAKE IT DOWN Act.pdf,Hybrid Criminal-Platform-led,very-thin-review-required,,remedies/consent,100,high,1,1,1,1,1,1,1
law,United States / The TAKE IT DOWN Act: A Federal Law,United States,united-states-2025-The TAKE IT DOWN Act.pdf,Hybrid Criminal-Platform-led,very-thin-review-required,,elections,100,high,1,1,1,1,1,1,1
law,United States / The TAKE IT DOWN Act: A Federal Law,United States,united-states-2025-The TAKE IT DOWN Act.pdf,Hybrid Criminal-Platform-led,very-thin-review-required,,criminalize/penalty,100,high,1,1,1,1,1,1,1
law,United States / The TAKE IT DOWN Act: A Federal Law,United States,united-states-2025-The TAKE IT DOWN Act.pdf,Hybrid Criminal-Platform-led,very-thin-review-required,,platform duties,100,high,1,1,1,1,1,1,1
law,United States / Utah 149 Artificial Intelligence Amendments Artificial Intelligence Policy Act.,United States,united-states-2024-Utah-149 Artificial Intelligence Amendments- Artificial Intelligence Policy Act..pdf,Hybrid Criminal-Platform-led,thin,,scope/coverage,93.3,high,18,19,0.9474,1,1,1,0.781
law,United States / Utah 149 Artificial Intelligence Amendments Artificial Intelligence Policy Act.,United States,united-states-2024-Utah-149 Artificial Intelligence Amendments- Artificial Intelligence Policy Act..pdf,Hybrid Criminal-Platform-led,thin,,disclosure/labeling,45.3,medium,3,19,0.1579,1,1,1,1
law,United States / Utah 149 Artificial Intelligence Amendments Artificial Intelligence Policy Act.,United States,united-states-2024-Utah-149 Artificial Intelligence Amendments- Artificial Intelligence Policy Act..pdf,Hybrid Criminal-Platform-led,thin,,remedies/consent,38.4,medium,1,19,0.0526,1,1,1,1
law,United States / Utah 149 Artificial Intelligence Amendments Artificial Intelligence Policy Act.,United States,united-states-2024-Utah-149 Artificial Intelligence Amendments- Artificial Intelligence Policy Act..pdf,Hybrid Criminal-Platform-led,thin,,elections,38.4,medium,1,19,0.0526,1,1,1,1
law,United States / Utah 149 Artificial Intelligence Amendments Artificial Intelligence Policy Act.,United States,united-states-2024-Utah-149 Artificial Intelligence Amendments- Artificial Intelligence Policy Act..pdf,Hybrid Criminal-Platform-led,thin,,criminalize/penalty,56.8,medium,7,19,0.3684,1,1,1,0.857
law,United States / Utah 149 Artificial Intelligence Amendments Artificial Intelligence Policy Act.,United States,united-states-2024-Utah-149 Artificial Intelligence Amendments- Artificial Intelligence Policy Act..pdf,Hybrid Criminal-Platform-led,thin,,platform duties,54.9,medium,6,19,0.3158,1,1,1,0.958